timestamp,gpu_mem_used_mb,gpu_mem_total_mb,gpu_util_pct,gpu_temp_c,gpu_power_w,kv_cache_pct,requests_running,requests_waiting,gen_tokens_total,prompt_tokens_total,preemptions,prefix_cache_hit_rate,ttft_avg_ms,itl_avg_ms,e2e_avg_ms
2026-03-13T13:51:39.567099,80012.0,97887.0,0.0,53.0,98.78,0.0,0.0,0.0,0.0,0.0,0.0,0,0,0,0
2026-03-13T13:51:41.612800,80012.0,97887.0,0.0,52.0,46.73,0.0,0.0,0.0,0.0,0.0,0.0,0,0,0,0
2026-03-13T13:51:43.642977,80012.0,97887.0,0.0,51.0,21.09,0.0,0.0,0.0,0.0,0.0,0.0,0,0,0,0
2026-03-13T13:51:45.701137,80012.0,97887.0,0.0,51.0,15.31,0.0,0.0,0.0,0.0,0.0,0.0,0,0,0,0
2026-03-13T13:51:47.766483,80012.0,97887.0,0.0,50.0,15.15,0.0,0.0,0.0,0.0,0.0,0.0,0,0,0,0
2026-03-13T13:51:49.812610,80012.0,97887.0,0.0,50.0,15.02,0.0,0.0,0.0,0.0,0.0,0.0,0,0,0,0
2026-03-13T13:51:51.849058,80012.0,97887.0,0.0,50.0,14.62,0.0,0.0,0.0,0.0,0.0,0.0,0,0,0,0
2026-03-13T13:51:53.886422,80012.0,97887.0,0.0,49.0,14.61,0.0,0.0,0.0,0.0,0.0,0.0,0,0,0,0
2026-03-13T13:51:55.969804,80012.0,97887.0,0.0,49.0,14.5,0.0,0.0,0.0,0.0,0.0,0.0,0,0,0,0
2026-03-13T13:51:58.006716,80012.0,97887.0,0.0,49.0,14.54,0.0,0.0,0.0,0.0,0.0,0.0,0,0,0,0
2026-03-13T13:52:00.040946,80012.0,97887.0,0.0,49.0,13.8,0.0,0.0,0.0,0.0,0.0,0.0,0,0,0,0
2026-03-13T13:52:02.076909,80012.0,97887.0,0.0,49.0,19.1,0.0,0.0,0.0,0.0,0.0,0.0,0,0,0,0
2026-03-13T13:52:04.126810,80012.0,97887.0,0.0,48.0,14.29,0.0,0.0,0.0,0.0,0.0,0.0,0,0,0,0
2026-03-13T13:52:06.167111,80012.0,97887.0,0.0,48.0,13.79,0.0,0.0,0.0,0.0,0.0,0.0,0,0,0,0
2026-03-13T13:52:08.218324,80012.0,97887.0,0.0,48.0,13.89,0.0,0.0,0.0,0.0,0.0,0.0,0,0,0,0
2026-03-13T13:52:08.171571,80012.0,97887.0,0.0,48.0,13.14,0.0,0.0,0.0,0.0,0.0,0.0,0,0,0,0
2026-03-13T13:52:10.283724,80012.0,97887.0,0.0,48.0,13.1,0.0,0.0,0.0,0.0,0.0,0.0,0,0,0,0
2026-03-13T13:52:12.333872,80012.0,97887.0,0.0,47.0,13.24,0.0,0.0,0.0,0.0,0.0,0.0,0,0,0,0
2026-03-13T13:52:14.366531,80012.0,97887.0,0.0,47.0,12.96,0.0,0.0,0.0,0.0,0.0,0.0,0,0,0,0
2026-03-13T13:52:16.401863,80012.0,97887.0,0.0,47.0,12.46,0.0,0.0,0.0,0.0,0.0,0.0,0,0,0,0
2026-03-13T13:52:18.433616,80012.0,97887.0,0.0,47.0,12.53,0.0,0.0,0.0,0.0,0.0,0.0,0,0,0,0
2026-03-13T13:52:20.479386,80012.0,97887.0,0.0,47.0,12.3,0.0,0.0,0.0,0.0,0.0,0.0,0,0,0,0
2026-03-13T13:52:22.536432,80012.0,97887.0,0.0,46.0,12.09,0.0,0.0,0.0,0.0,0.0,0.0,0,0,0,0
2026-03-13T13:52:24.569015,80012.0,97887.0,0.0,46.0,12.02,0.0,0.0,0.0,0.0,0.0,0.0,0,0,0,0
2026-03-13T13:52:26.605300,80012.0,97887.0,0.0,46.0,11.6,0.0,0.0,0.0,0.0,0.0,0.0,0,0,0,0
2026-03-13T13:52:28.638655,80012.0,97887.0,0.0,46.0,11.6,0.0,0.0,0.0,0.0,0.0,0.0,0,0,0,0
2026-03-13T13:52:30.684364,80012.0,97887.0,0.0,46.0,11.68,0.0,0.0,0.0,0.0,0.0,0.0,0,0,0,0
2026-03-13T13:52:32.776720,80012.0,97887.0,0.0,46.0,11.74,0.0,0.0,0.0,0.0,0.0,0.0,0,0,0,0
2026-03-13T13:52:34.814700,80012.0,97887.0,0.0,46.0,11.64,0.0,0.0,0.0,0.0,0.0,0.0,0,0,0,0
2026-03-13T13:52:36.849958,80012.0,97887.0,0.0,45.0,11.83,0.0,0.0,0.0,0.0,0.0,0.0,0,0,0,0
2026-03-13T13:52:38.881773,80014.0,97887.0,100.0,51.0,300.42,0.14863258026159842,1.0,0.0,31.0,41.0,0.0,0.0,335.5286121368408,50.008050833397036,0
2026-03-13T13:52:40.917887,80014.0,97887.0,100.0,54.0,300.02,0.29726516052318575,1.0,0.0,112.0,41.0,0.0,0.0,335.5286121368408,50.50883074773492,0
2026-03-13T13:52:42.952605,80014.0,97887.0,100.0,56.0,300.02,0.3864447086801448,1.0,0.0,152.0,41.0,0.0,0.0,335.5286121368408,50.58233425828176,0
2026-03-13T13:52:44.990926,80014.0,97887.0,100.0,57.0,300.02,0.44589774078478417,1.0,0.0,192.0,41.0,0.0,0.0,335.5286121368408,50.65091730366523,0
2026-03-13T13:52:47.026194,80014.0,97887.0,100.0,58.0,300.01,0.5350772889417321,1.0,0.0,232.0,41.0,0.0,0.0,335.5286121368408,50.719934073601245,0
2026-03-13T13:52:49.076363,80014.0,97887.0,100.0,59.0,300.0,0.5945303210463715,1.0,0.0,272.0,41.0,0.0,0.0,335.5286121368408,50.78109252030104,0
2026-03-13T13:52:51.119382,80014.0,97887.0,100.0,60.0,300.0,0.6837098692033305,1.0,0.0,312.0,41.0,0.0,0.0,335.5286121368408,50.84171013183354,0
2026-03-13T13:52:53.154450,80014.0,97887.0,100.0,61.0,299.98,0.7431629013079699,1.0,0.0,352.0,41.0,0.0,0.0,335.5286121368408,50.89588804843194,0
2026-03-13T13:52:55.195622,80014.0,97887.0,100.0,62.0,300.04,0.8026159334126093,1.0,0.0,391.0,41.0,0.0,0.0,335.5286121368408,50.95296161538826,0
2026-03-13T13:52:57.230969,80014.0,97887.0,100.0,63.0,299.97,0.8917954815695572,1.0,0.0,431.0,41.0,0.0,0.0,335.5286121368408,51.014102704653475,0
2026-03-13T13:52:59.266108,80014.0,97887.0,100.0,64.0,299.97,0.9512485136741966,1.0,0.0,470.0,41.0,0.0,0.0,335.5286121368408,51.0787479424311,0
2026-03-13T13:53:01.301895,80014.0,97887.0,100.0,65.0,299.96,1.0404280618311557,1.0,0.0,509.0,41.0,0.0,0.0,335.5286121368408,51.14263336220281,0
2026-03-13T13:53:03.337742,80014.0,97887.0,100.0,66.0,300.02,1.099881093935795,1.0,0.0,549.0,41.0,0.0,0.0,335.5286121368408,51.200689965332,0
2026-03-13T13:53:05.372672,80014.0,97887.0,100.0,67.0,300.05,1.189060642092743,1.0,0.0,588.0,41.0,0.0,0.0,335.5286121368408,51.25787712095313,0
2026-03-13T13:53:07.402388,80014.0,97887.0,100.0,67.0,300.01,1.2485136741973824,1.0,0.0,626.0,41.0,0.0,0.0,335.5286121368408,51.31570760799805,0
2026-03-13T13:53:09.459446,80014.0,97887.0,100.0,68.0,299.99,1.3376932223543414,1.0,0.0,666.0,41.0,0.0,0.0,335.5286121368408,51.373897890223994,0
2026-03-13T13:53:11.491503,80014.0,97887.0,100.0,70.0,300.02,1.4863258026159287,1.0,0.0,744.0,41.0,0.0,0.0,335.5286121368408,51.486455407804854,0
2026-03-13T13:53:13.523204,80014.0,97887.0,100.0,71.0,299.99,1.545778834720568,1.0,0.0,783.0,41.0,0.0,0.0,335.5286121368408,51.53682561892783,0
2026-03-13T13:53:15.555120,80014.0,97887.0,100.0,71.0,299.97,1.6052318668252075,1.0,0.0,821.0,41.0,0.0,0.0,335.5286121368408,51.586147150001345,0
2026-03-13T13:53:17.589505,80014.0,97887.0,100.0,72.0,300.01,1.6944114149821665,1.0,0.0,860.0,41.0,0.0,0.0,335.5286121368408,51.63696305820546,0
2026-03-13T13:53:19.630710,80014.0,97887.0,100.0,72.0,299.95,1.7538644470868059,1.0,0.0,898.0,41.0,0.0,0.0,335.5286121368408,51.68694160089123,0
2026-03-13T13:53:21.670001,80014.0,97887.0,100.0,73.0,299.99,1.8430439952437538,1.0,0.0,937.0,41.0,0.0,0.0,335.5286121368408,51.74070794337473,0
2026-03-13T13:53:23.709242,80014.0,97887.0,100.0,74.0,299.97,1.9024970273483932,1.0,0.0,975.0,41.0,0.0,0.0,335.5286121368408,51.793645573923065,0
2026-03-13T13:53:25.758031,80014.0,97887.0,100.0,74.0,299.99,1.9619500594530326,1.0,0.0,1014.0,41.0,0.0,0.0,335.5286121368408,51.84773661105789,0
2026-03-13T13:53:27.803431,80014.0,97887.0,100.0,74.0,299.95,2.0511296076099916,1.0,0.0,1052.0,41.0,0.0,0.0,335.5286121368408,51.90232261465195,0
2026-03-13T13:53:29.852576,80014.0,97887.0,100.0,75.0,300.03,2.11058263971462,1.0,0.0,1091.0,41.0,0.0,0.0,335.5286121368408,51.9597015752295,0
2026-03-13T13:53:31.905317,80014.0,97887.0,100.0,75.0,300.04,2.199762187871579,1.0,0.0,1129.0,41.0,0.0,0.0,335.5286121368408,52.0119076436168,0
2026-03-13T13:53:33.961866,80014.0,97887.0,100.0,76.0,299.99,2.2592152199762183,1.0,0.0,1167.0,41.0,0.0,0.0,335.5286121368408,52.06362801629445,0
2026-03-13T13:53:36.020667,80014.0,97887.0,100.0,76.0,299.95,2.3186682520808577,1.0,0.0,1206.0,41.0,0.0,0.0,335.5286121368408,52.1124371269705,0
2026-03-13T13:53:38.083312,80014.0,97887.0,99.0,77.0,300.09,2.4078478002378167,1.0,0.0,1244.0,41.0,0.0,0.0,335.5286121368408,52.15782897667073,0
2026-03-13T13:53:40.129431,80014.0,97887.0,100.0,77.0,299.99,2.467300832342445,1.0,0.0,1282.0,41.0,0.0,0.0,335.5286121368408,52.202012012491366,0
2026-03-13T13:53:42.165574,80014.0,97887.0,100.0,78.0,299.96,2.6159334126040434,1.0,0.0,1359.0,41.0,0.0,0.0,335.5286121368408,52.29222499263586,0
2026-03-13T13:53:44.197775,80014.0,97887.0,100.0,78.0,299.95,2.675386444708683,1.0,0.0,1397.0,41.0,0.0,0.0,335.5286121368408,52.336254427649806,0
2026-03-13T13:53:46.231888,80014.0,97887.0,100.0,78.0,299.98,2.7645659928656308,1.0,0.0,1435.0,41.0,0.0,0.0,335.5286121368408,52.37945294281811,0
2026-03-13T13:53:48.282155,80014.0,97887.0,100.0,79.0,300.01,2.82401902497027,1.0,0.0,1472.0,41.0,0.0,0.0,335.5286121368408,52.42183916315447,0
2026-03-13T13:53:50.326234,80014.0,97887.0,100.0,79.0,299.99,2.8834720570749095,1.0,0.0,1510.0,41.0,0.0,0.0,335.5286121368408,52.46497562491808,0
2026-03-13T13:53:52.376331,80014.0,97887.0,100.0,79.0,300.01,2.9726516052318686,1.0,0.0,1548.0,41.0,0.0,0.0,335.5286121368408,52.50764455850097,0
2026-03-13T13:53:54.424102,80014.0,97887.0,100.0,80.0,299.99,3.032104637336508,1.0,0.0,1586.0,41.0,0.0,0.0,335.5286121368408,52.550249351419446,0
2026-03-13T13:53:56.479303,80014.0,97887.0,100.0,80.0,300.0,3.121284185493456,1.0,0.0,1624.0,41.0,0.0,0.0,335.5286121368408,52.59326980529819,0
2026-03-13T13:53:58.538662,80014.0,97887.0,100.0,80.0,299.99,3.1807372175980952,1.0,0.0,1661.0,41.0,0.0,0.0,335.5286121368408,52.63408706747016,0
2026-03-13T13:54:00.602670,80014.0,97887.0,100.0,80.0,300.0,3.2401902497027346,1.0,0.0,1699.0,41.0,0.0,0.0,335.5286121368408,52.67520824028234,0
2026-03-13T13:54:02.699752,80014.0,97887.0,100.0,81.0,299.96,3.3293697978596937,1.0,0.0,1738.0,41.0,0.0,0.0,335.5286121368408,52.71764236327081,0
2026-03-13T13:54:04.743796,80014.0,97887.0,100.0,81.0,300.04,3.388822829964333,1.0,0.0,1775.0,41.0,0.0,0.0,335.5286121368408,52.7572938635857,0
2026-03-13T13:54:06.773160,80014.0,97887.0,100.0,81.0,300.0,3.4482758620689613,1.0,0.0,1812.0,41.0,0.0,0.0,335.5286121368408,52.79680341358419,0
2026-03-13T13:54:08.806705,80014.0,97887.0,100.0,81.0,299.99,3.5374554102259204,1.0,0.0,1849.0,41.0,0.0,0.0,335.5286121368408,52.834317267856676,0
2026-03-13T13:54:10.843465,80014.0,97887.0,100.0,81.0,299.98,3.5969084423305597,1.0,0.0,1887.0,41.0,0.0,0.0,335.5286121368408,52.87225892364771,0
2026-03-13T13:54:12.920582,80014.0,97887.0,100.0,82.0,300.0,3.745541022592147,1.0,0.0,1963.0,41.0,0.0,0.0,335.5286121368408,52.94659733843109,0
2026-03-13T13:54:14.951473,80014.0,97887.0,100.0,82.0,299.96,3.8049940546967864,1.0,0.0,2000.0,41.0,0.0,0.0,335.5286121368408,52.98225885492722,0
2026-03-13T13:54:16.988225,80014.0,97887.0,100.0,82.0,300.02,3.864447086801426,1.0,0.0,2037.0,41.0,0.0,0.0,335.5286121368408,53.01635596709245,0
2026-03-13T13:54:19.027225,80014.0,97887.0,100.0,82.0,299.96,3.953626634958385,1.0,0.0,2074.0,41.0,0.0,0.0,335.5286121368408,53.05094849107569,0
2026-03-13T13:54:21.060605,80014.0,97887.0,100.0,83.0,300.02,4.013079667063025,1.0,0.0,2111.0,41.0,0.0,0.0,335.5286121368408,53.085074254028655,0
2026-03-13T13:54:23.091462,80014.0,97887.0,100.0,83.0,299.94,4.0725326991676525,1.0,0.0,2148.0,41.0,0.0,0.0,335.5286121368408,53.1184057829531,0
2026-03-13T13:54:25.123481,80014.0,97887.0,100.0,83.0,299.99,4.161712247324612,1.0,0.0,2185.0,41.0,0.0,0.0,335.5286121368408,53.15197089743671,0
2026-03-13T13:54:27.163468,80014.0,97887.0,100.0,83.0,300.03,4.2211652794292505,1.0,0.0,2222.0,41.0,0.0,0.0,335.5286121368408,53.184351156236154,0
2026-03-13T13:54:29.194580,80014.0,97887.0,100.0,83.0,300.02,4.280618311533891,1.0,0.0,2258.0,41.0,0.0,0.0,335.5286121368408,53.21547177536551,0
2026-03-13T13:54:31.224819,80014.0,97887.0,100.0,83.0,299.98,4.340071343638529,1.0,0.0,2295.0,41.0,0.0,0.0,335.5286121368408,53.247144964253934,0
2026-03-13T13:54:33.260168,80014.0,97887.0,100.0,84.0,299.96,4.429250891795478,1.0,0.0,2332.0,41.0,0.0,0.0,335.5286121368408,53.279408410981794,0
2026-03-13T13:54:35.294161,80014.0,97887.0,100.0,84.0,299.99,4.4887039239001165,1.0,0.0,2369.0,41.0,0.0,0.0,335.5286121368408,53.3117615570097,0
2026-03-13T13:54:37.325370,80014.0,97887.0,100.0,84.0,299.96,4.548156956004757,1.0,0.0,2405.0,41.0,0.0,0.0,335.5286121368408,53.34358272004931,0
2026-03-13T13:54:39.360394,80014.0,97887.0,100.0,84.0,299.99,4.637336504161715,1.0,0.0,2442.0,41.0,0.0,0.0,335.5286121368408,53.37637219336285,0
2026-03-13T13:54:41.403700,80014.0,97887.0,100.0,84.0,300.0,4.756242568370983,1.0,0.0,2516.0,41.0,0.0,0.0,335.5286121368408,53.43686970775365,0
2026-03-13T13:54:43.437676,80014.0,97887.0,100.0,84.0,300.01,4.845422116527942,1.0,0.0,2553.0,41.0,0.0,0.0,335.5286121368408,53.46664338832345,0
2026-03-13T13:54:45.467643,80014.0,97887.0,100.0,84.0,299.98,4.9048751486325814,1.0,0.0,2590.0,41.0,0.0,0.0,335.5286121368408,53.49576946311316,0
2026-03-13T13:54:47.498562,80014.0,97887.0,100.0,84.0,299.96,4.964328180737221,1.0,0.0,2626.0,41.0,0.0,0.0,335.5286121368408,53.52399601371422,0
2026-03-13T13:54:49.532609,80014.0,97887.0,100.0,85.0,299.96,5.02378121284186,1.0,0.0,2663.0,41.0,0.0,0.0,335.5286121368408,53.5544887577009,0
2026-03-13T13:54:51.562968,80014.0,97887.0,100.0,85.0,300.02,5.112960760998808,1.0,0.0,2699.0,41.0,0.0,0.0,335.5286121368408,53.58411719532939,0
2026-03-13T13:54:53.595565,80014.0,97887.0,100.0,85.0,300.0,5.1724137931034475,1.0,0.0,2736.0,41.0,0.0,0.0,335.5286121368408,53.614600712980256,0
2026-03-13T13:54:55.630973,80014.0,97887.0,100.0,85.0,299.99,5.231866825208087,1.0,0.0,2772.0,41.0,0.0,0.0,335.5286121368408,53.64439207145376,0
2026-03-13T13:54:57.667242,80014.0,97887.0,100.0,85.0,299.99,5.321046373365046,1.0,0.0,2808.0,41.0,0.0,0.0,335.5286121368408,53.676431423227925,0
2026-03-13T13:54:59.699913,80014.0,97887.0,100.0,85.0,299.99,5.380499405469674,1.0,0.0,2844.0,41.0,0.0,0.0,335.5286121368408,53.70857084382715,0
2026-03-13T13:55:01.730787,80014.0,97887.0,100.0,85.0,299.98,5.439952437574314,1.0,0.0,2881.0,41.0,0.0,0.0,335.5286121368408,53.74087129826345,0
2026-03-13T13:55:03.763155,80014.0,97887.0,100.0,85.0,300.01,5.499405469678953,1.0,0.0,2917.0,41.0,0.0,0.0,335.5286121368408,53.77270252640565,0
2026-03-13T13:55:05.792156,80014.0,97887.0,100.0,85.0,300.0,5.588585017835912,1.0,0.0,2953.0,41.0,0.0,0.0,335.5286121368408,53.79934214363124,0
2026-03-13T13:55:07.824850,80014.0,97887.0,100.0,85.0,299.99,5.648038049940551,1.0,0.0,2989.0,41.0,0.0,0.0,335.5286121368408,53.825628994979844,0
2026-03-13T13:55:09.855160,80014.0,97887.0,100.0,85.0,299.98,5.70749108204518,1.0,0.0,3026.0,41.0,0.0,0.0,335.5286121368408,53.85047054545418,0
2026-03-13T13:55:11.901446,80014.0,97887.0,100.0,85.0,300.0,5.8561236623067785,1.0,0.0,3100.0,41.0,0.0,0.0,335.5286121368408,53.899236294288194,0
2026-03-13T13:55:13.936864,80014.0,97887.0,100.0,86.0,299.99,5.915576694411417,1.0,0.0,3137.0,41.0,0.0,0.0,335.5286121368408,53.918808581951154,0
2026-03-13T13:55:15.966996,80014.0,97887.0,100.0,86.0,299.99,5.975029726516057,1.0,0.0,3174.0,41.0,0.0,0.0,335.5286121368408,53.937766184052975,0
2026-03-13T13:55:17.998410,80014.0,97887.0,100.0,86.0,300.0,6.064209274673004,1.0,0.0,3210.0,41.0,0.0,0.0,335.5286121368408,53.95606801308839,0
2026-03-13T13:55:20.031020,80014.0,97887.0,100.0,86.0,300.03,6.123662306777645,1.0,0.0,3247.0,41.0,0.0,0.0,335.5286121368408,53.97438513709135,0
2026-03-13T13:55:22.067821,80014.0,97887.0,100.0,86.0,300.0,6.183115338882283,1.0,0.0,3283.0,41.0,0.0,0.0,335.5286121368408,54.002823486289174,0
2026-03-13T13:55:24.101475,80014.0,97887.0,100.0,86.0,299.99,6.242568370986923,1.0,0.0,3319.0,41.0,0.0,0.0,335.5286121368408,54.03104783484061,0
2026-03-13T13:55:26.143703,80014.0,97887.0,100.0,86.0,300.01,6.33174791914387,1.0,0.0,3355.0,41.0,0.0,0.0,335.5286121368408,54.05875370930223,0
2026-03-13T13:55:28.180074,80014.0,97887.0,100.0,86.0,300.01,6.391200951248511,1.0,0.0,3391.0,41.0,0.0,0.0,335.5286121368408,54.086066274630916,0
2026-03-13T13:55:30.211566,80014.0,97887.0,100.0,86.0,300.0,6.450653983353149,1.0,0.0,3427.0,41.0,0.0,0.0,335.5286121368408,54.111121293053,0
2026-03-13T13:55:32.247628,80014.0,97887.0,100.0,86.0,299.99,6.510107015457789,1.0,0.0,3463.0,41.0,0.0,0.0,335.5286121368408,54.13637550895464,0
2026-03-13T13:55:34.281871,80014.0,97887.0,100.0,86.0,299.99,6.599286563614748,1.0,0.0,3499.0,41.0,0.0,0.0,335.5286121368408,54.16109921612393,0
2026-03-13T13:55:36.408787,80014.0,97887.0,100.0,86.0,300.02,6.658739595719377,1.0,0.0,3536.0,41.0,0.0,0.0,335.5286121368408,54.186096656860066,0
2026-03-13T13:55:38.490019,80014.0,97887.0,100.0,86.0,300.0,6.718192627824015,1.0,0.0,3573.0,41.0,0.0,0.0,335.5286121368408,54.20488946276577,0
2026-03-13T13:55:40.650206,80014.0,97887.0,100.0,86.0,299.99,6.807372175980975,1.0,0.0,3612.0,41.0,0.0,0.0,335.5286121368408,54.22451955912541,0
2026-03-13T13:55:42.681552,80014.0,97887.0,100.0,86.0,299.99,6.926278240190253,1.0,0.0,3686.0,41.0,0.0,0.0,335.5286121368408,54.2605825945728,0
2026-03-13T13:55:44.713173,80014.0,97887.0,100.0,86.0,300.01,7.015457788347201,1.0,0.0,3723.0,41.0,0.0,0.0,335.5286121368408,54.277896789360376,0
2026-03-13T13:55:46.748404,80014.0,97887.0,100.0,86.0,299.96,7.074910820451841,1.0,0.0,3759.0,41.0,0.0,0.0,335.5286121368408,54.2953863935607,0
2026-03-13T13:55:48.781580,80014.0,97887.0,100.0,86.0,299.98,7.13436385255648,1.0,0.0,3795.0,41.0,0.0,0.0,335.5286121368408,54.31289640616788,0
2026-03-13T13:55:50.813348,80014.0,97887.0,100.0,86.0,299.99,7.1938168846611195,1.0,0.0,3831.0,41.0,0.0,0.0,335.5286121368408,54.330285075457255,0
2026-03-13T13:55:52.844287,80014.0,97887.0,100.0,86.0,299.99,7.282996432818079,1.0,0.0,3867.0,41.0,0.0,0.0,335.5286121368408,54.3472335874285,0
2026-03-13T13:55:54.951822,80014.0,97887.0,100.0,86.0,299.98,7.342449464922707,1.0,0.0,3905.0,41.0,0.0,0.0,335.5286121368408,54.365741659068114,0
2026-03-13T13:55:57.074642,80014.0,97887.0,100.0,86.0,300.01,7.401902497027346,1.0,0.0,3943.0,41.0,0.0,0.0,335.5286121368408,54.38371353703712,0
2026-03-13T13:55:59.105494,80014.0,97887.0,100.0,86.0,299.98,7.491082045184305,1.0,0.0,3979.0,41.0,0.0,0.0,335.5286121368408,54.400355079688715,0
2026-03-13T13:56:01.137103,80014.0,97887.0,100.0,86.0,299.99,7.550535077288945,1.0,0.0,4015.0,41.0,0.0,0.0,335.5286121368408,54.416444544345204,0
2026-03-13T13:56:03.170419,80014.0,97887.0,100.0,86.0,299.99,7.6099881093935835,1.0,0.0,4051.0,41.0,0.0,0.0,335.5286121368408,54.432465848395275,0
2026-03-13T13:56:05.203209,80014.0,97887.0,100.0,86.0,300.01,7.669441141498212,1.0,0.0,4087.0,41.0,0.0,0.0,335.5286121368408,54.44863180959368,0
2026-03-13T13:56:07.233720,80014.0,97887.0,100.0,86.0,300.02,7.758620689655171,1.0,0.0,4123.0,41.0,0.0,0.0,335.5286121368408,54.4645494565747,0
2026-03-13T13:56:09.262868,80014.0,97887.0,100.0,86.0,300.01,7.818073721759811,1.0,0.0,4159.0,41.0,0.0,0.0,335.5286121368408,54.48026351467079,0
2026-03-13T13:56:11.294375,80014.0,97887.0,100.0,86.0,300.03,7.87752675386445,1.0,0.0,4195.0,41.0,0.0,0.0,335.5286121368408,54.495746087983036,0
2026-03-13T13:56:13.329761,80014.0,97887.0,100.0,86.0,299.93,8.026159334126037,1.0,0.0,4268.0,41.0,0.0,0.0,335.5286121368408,54.52612086149566,0
2026-03-13T13:56:15.362775,80014.0,97887.0,100.0,86.0,299.96,8.085612366230677,1.0,0.0,4304.0,41.0,0.0,0.0,335.5286121368408,54.54068733395325,0
2026-03-13T13:56:17.395704,80014.0,97887.0,100.0,86.0,300.01,8.145065398335316,1.0,0.0,4340.0,41.0,0.0,0.0,335.5286121368408,54.554825411385195,0
2026-03-13T13:56:19.428966,80014.0,97887.0,100.0,86.0,300.01,8.234244946492275,1.0,0.0,4376.0,41.0,0.0,0.0,335.5286121368408,54.56838933074282,0
2026-03-13T13:56:21.460949,80014.0,97887.0,100.0,86.0,300.0,8.293697978596903,1.0,0.0,4412.0,41.0,0.0,0.0,335.5286121368408,54.581680566991594,0
2026-03-13T13:56:23.492109,80014.0,97887.0,100.0,86.0,299.97,8.353151010701543,1.0,0.0,4448.0,41.0,0.0,0.0,335.5286121368408,54.59486885293426,0
2026-03-13T13:56:25.527598,80014.0,97887.0,100.0,86.0,300.0,8.412604042806182,1.0,0.0,4485.0,41.0,0.0,0.0,335.5286121368408,54.608037425735844,0
2026-03-13T13:56:27.572634,80014.0,97887.0,100.0,85.0,299.99,8.501783590963141,1.0,0.0,4521.0,41.0,0.0,0.0,335.5286121368408,54.620837394911405,0
2026-03-13T13:56:29.607027,80014.0,97887.0,100.0,85.0,300.0,8.561236623067781,1.0,0.0,4557.0,41.0,0.0,0.0,335.5286121368408,54.63354081935909,0
2026-03-13T13:56:31.639091,80014.0,97887.0,100.0,85.0,300.0,8.62068965517241,1.0,0.0,4593.0,41.0,0.0,0.0,335.5286121368408,54.646222369773845,0
2026-03-13T13:56:33.681091,80014.0,97887.0,100.0,85.0,299.94,8.680142687277048,1.0,0.0,4630.0,41.0,0.0,0.0,335.5286121368408,54.65927456426842,0
2026-03-13T13:56:35.727027,80014.0,97887.0,100.0,85.0,300.0,8.769322235434007,1.0,0.0,4666.0,41.0,0.0,0.0,335.5286121368408,54.67149733140435,0
2026-03-13T13:56:37.761932,80014.0,97887.0,100.0,85.0,299.99,8.828775267538646,1.0,0.0,4702.0,41.0,0.0,0.0,335.5286121368408,54.68332878536475,0
2026-03-13T13:56:39.818175,80014.0,97887.0,100.0,85.0,300.04,8.888228299643286,1.0,0.0,4739.0,41.0,0.0,0.0,335.5286121368408,54.695428694175085,0
2026-03-13T13:56:41.858015,80014.0,97887.0,100.0,85.0,299.96,9.036860879904873,1.0,0.0,4812.0,41.0,0.0,0.0,335.5286121368408,54.71835433839144,0
2026-03-13T13:56:43.889329,80014.0,97887.0,100.0,85.0,299.98,9.096313912009514,1.0,0.0,4848.0,41.0,0.0,0.0,335.5286121368408,54.72904695976919,0
2026-03-13T13:56:45.922413,80014.0,97887.0,100.0,85.0,299.99,9.155766944114152,1.0,0.0,4884.0,41.0,0.0,0.0,335.5286121368408,54.73968156153992,0
2026-03-13T13:56:47.952035,80014.0,97887.0,100.0,85.0,300.01,9.244946492271112,1.0,0.0,4920.0,41.0,0.0,0.0,335.5286121368408,54.74992507684479,0
2026-03-13T13:56:49.985529,80014.0,97887.0,100.0,85.0,300.0,9.30439952437574,1.0,0.0,4957.0,41.0,0.0,0.0,335.5286121368408,54.760552445722425,0
2026-03-13T13:56:52.016079,80014.0,97887.0,100.0,85.0,299.98,9.363852556480378,1.0,0.0,4993.0,41.0,0.0,0.0,335.5286121368408,54.771306383012565,0
2026-03-13T13:56:54.046223,80014.0,97887.0,100.0,85.0,300.01,9.423305588585018,1.0,0.0,5029.0,41.0,0.0,0.0,335.5286121368408,54.781769237271035,0
2026-03-13T13:56:56.079229,80014.0,97887.0,100.0,85.0,299.99,9.512485136741978,1.0,0.0,5065.0,41.0,0.0,0.0,335.5286121368408,54.79173731911531,0
2026-03-13T13:56:58.114045,80014.0,97887.0,100.0,85.0,300.01,9.571938168846616,1.0,0.0,5101.0,41.0,0.0,0.0,335.5286121368408,54.80306785529441,0
2026-03-13T13:57:00.153120,80014.0,97887.0,99.0,85.0,299.93,9.631391200951246,1.0,0.0,5137.0,41.0,0.0,0.0,335.5286121368408,54.81466296495344,0
2026-03-13T13:57:02.192916,80014.0,97887.0,100.0,84.0,299.98,9.690844233055884,1.0,0.0,5173.0,41.0,0.0,0.0,335.5286121368408,54.82591820591643,0
2026-03-13T13:57:04.224378,80014.0,97887.0,100.0,84.0,299.98,9.780023781212844,1.0,0.0,5209.0,41.0,0.0,0.0,335.5286121368408,54.83699580069114,0
2026-03-13T13:57:06.255261,80014.0,97887.0,100.0,84.0,300.0,9.839476813317482,1.0,0.0,5245.0,41.0,0.0,0.0,335.5286121368408,54.84702342601093,0
2026-03-13T13:57:08.296439,80014.0,97887.0,100.0,84.0,299.97,9.898929845422122,1.0,0.0,5282.0,41.0,0.0,0.0,335.5286121368408,54.85680695815181,0
2026-03-13T13:57:10.329186,80014.0,97887.0,100.0,84.0,299.99,9.95838287752675,1.0,0.0,5318.0,41.0,0.0,0.0,335.5286121368408,54.86594256366381,0
2026-03-13T13:57:12.361696,80014.0,97887.0,100.0,84.0,300.03,10.107015457788348,1.0,0.0,5392.0,41.0,0.0,0.0,335.5286121368408,54.88491651344811,0
2026-03-13T13:57:14.396520,80014.0,97887.0,100.0,84.0,299.99,10.166468489892988,1.0,0.0,5428.0,41.0,0.0,0.0,335.5286121368408,54.893380203058605,0
2026-03-13T13:57:16.426725,80014.0,97887.0,100.0,84.0,300.05,10.255648038049936,1.0,0.0,5464.0,41.0,0.0,0.0,335.5286121368408,54.90085150411861,0
2026-03-13T13:57:18.458620,80014.0,97887.0,100.0,84.0,299.98,10.315101070154576,1.0,0.0,5500.0,41.0,0.0,0.0,335.5286121368408,54.908291377341264,0
2026-03-13T13:57:20.492315,80014.0,97887.0,100.0,84.0,299.99,10.374554102259214,1.0,0.0,5537.0,41.0,0.0,0.0,335.5286121368408,54.91561128359854,0
2026-03-13T13:57:22.531919,80014.0,97887.0,100.0,84.0,300.03,10.434007134363855,1.0,0.0,5573.0,41.0,0.0,0.0,335.5286121368408,54.92465388262752,0
2026-03-13T13:57:24.566796,80014.0,97887.0,100.0,84.0,300.01,10.523186682520812,1.0,0.0,5609.0,41.0,0.0,0.0,335.5286121368408,54.93427541690466,0
2026-03-13T13:57:26.599172,80014.0,97887.0,100.0,84.0,299.95,10.582639714625442,1.0,0.0,5645.0,41.0,0.0,0.0,335.5286121368408,54.943799689404806,0
2026-03-13T13:57:28.636398,80014.0,97887.0,100.0,84.0,299.95,10.64209274673008,1.0,0.0,5681.0,41.0,0.0,0.0,335.5286121368408,54.95326897341559,0
2026-03-13T13:57:30.680451,80014.0,97887.0,100.0,84.0,300.03,10.70154577883472,1.0,0.0,5717.0,41.0,0.0,0.0,335.5286121368408,54.962664291462616,0
2026-03-13T13:57:32.712162,80014.0,97887.0,100.0,84.0,300.0,10.79072532699168,1.0,0.0,5753.0,41.0,0.0,0.0,335.5286121368408,54.97194900747562,0
2026-03-13T13:57:34.751110,80014.0,97887.0,100.0,83.0,299.92,10.850178359096319,1.0,0.0,5790.0,41.0,0.0,0.0,335.5286121368408,54.98118388443582,0
2026-03-13T13:57:36.784434,80014.0,97887.0,100.0,83.0,299.99,10.909631391200946,1.0,0.0,5826.0,41.0,0.0,0.0,335.5286121368408,54.98994323055826,0
2026-03-13T13:57:38.820037,80014.0,97887.0,100.0,83.0,299.99,10.969084423305587,1.0,0.0,5862.0,41.0,0.0,0.0,335.5286121368408,54.99687730080171,0
2026-03-13T13:57:40.852466,80014.0,97887.0,100.0,83.0,299.99,11.058263971462544,1.0,0.0,5898.0,41.0,0.0,0.0,335.5286121368408,55.00355260912331,0
2026-03-13T13:57:42.891866,80014.0,97887.0,100.0,83.0,300.01,11.177170035671825,1.0,0.0,5972.0,41.0,0.0,0.0,335.5286121368408,55.01726903115054,0
2026-03-13T13:57:44.924129,80014.0,97887.0,100.0,83.0,300.01,11.266349583828772,1.0,0.0,6008.0,41.0,0.0,0.0,335.5286121368408,55.02403833227879,0
2026-03-13T13:57:46.955673,80014.0,97887.0,100.0,83.0,300.0,11.325802615933412,1.0,0.0,6044.0,41.0,0.0,0.0,335.5286121368408,55.03115664041069,0
2026-03-13T13:57:48.988621,80014.0,97887.0,100.0,83.0,299.97,11.38525564803805,1.0,0.0,6081.0,41.0,0.0,0.0,335.5286121368408,55.03846810312504,0
2026-03-13T13:57:51.022103,80014.0,97887.0,100.0,83.0,300.0,11.44470868014269,1.0,0.0,6117.0,41.0,0.0,0.0,335.5286121368408,55.045338492969265,0
2026-03-13T13:57:53.059575,80014.0,97887.0,100.0,83.0,299.98,11.533888228299638,1.0,0.0,6153.0,41.0,0.0,0.0,335.5286121368408,55.05207295513651,0
2026-03-13T13:57:55.139972,80014.0,97887.0,100.0,83.0,299.99,11.593341260404276,1.0,0.0,6190.0,41.0,0.0,0.0,335.5286121368408,55.0591328660525,0
2026-03-13T13:57:57.170949,80014.0,97887.0,100.0,83.0,300.0,11.652794292508917,1.0,0.0,6226.0,41.0,0.0,0.0,335.5286121368408,55.06589211662682,0
2026-03-13T13:57:59.207091,80014.0,97887.0,100.0,83.0,300.02,11.712247324613557,1.0,0.0,6262.0,41.0,0.0,0.0,335.5286121368408,55.07271698594502,0
2026-03-13T13:58:01.239016,80014.0,97887.0,100.0,83.0,300.0,11.801426872770515,1.0,0.0,6298.0,41.0,0.0,0.0,335.5286121368408,55.07956777052565,0
2026-03-13T13:58:03.268513,80014.0,97887.0,100.0,83.0,300.08,11.860879904875144,1.0,0.0,6335.0,41.0,0.0,0.0,335.5286121368408,55.086569681086345,0
2026-03-13T13:58:05.301362,80014.0,97887.0,100.0,83.0,300.01,11.920332936979783,1.0,0.0,6371.0,41.0,0.0,0.0,335.5286121368408,55.0934654182103,0
2026-03-13T13:58:07.335697,80014.0,97887.0,100.0,83.0,299.95,11.979785969084421,1.0,0.0,6407.0,41.0,0.0,0.0,335.5286121368408,55.100238826100394,0
2026-03-13T13:58:09.374692,80014.0,97887.0,100.0,83.0,300.02,12.06896551724138,1.0,0.0,6443.0,41.0,0.0,0.0,335.5286121368408,55.1069536373797,0
2026-03-13T13:58:11.409161,80014.0,97887.0,100.0,83.0,300.01,12.128418549346021,1.0,0.0,6479.0,41.0,0.0,0.0,335.5286121368408,55.11328459895041,0
2026-03-13T13:58:13.446490,80014.0,97887.0,100.0,83.0,300.04,12.277051129607608,1.0,0.0,6552.0,41.0,0.0,0.0,335.5286121368408,55.125687612578005,0
2026-03-13T13:58:15.482822,80014.0,97887.0,100.0,83.0,300.02,12.336504161712247,1.0,0.0,6588.0,41.0,0.0,0.0,335.5286121368408,55.131812456201544,0
2026-03-13T13:58:17.514355,80014.0,97887.0,100.0,83.0,299.94,12.395957193816887,1.0,0.0,6624.0,41.0,0.0,0.0,335.5286121368408,55.13797371508382,0
2026-03-13T13:58:19.728257,80014.0,97887.0,99.0,83.0,299.99,12.455410225921526,1.0,0.0,6662.0,41.0,0.0,0.0,335.5286121368408,55.145692236451005,0
2026-03-13T13:58:21.768577,80014.0,97887.0,100.0,83.0,300.07,12.544589774078474,1.0,0.0,6700.0,41.0,0.0,0.0,335.5286121368408,55.151877720256884,0
2026-03-13T13:58:23.996666,80014.0,97887.0,99.0,83.0,299.93,12.604042806183113,1.0,0.0,6739.0,41.0,0.0,0.0,335.5286121368408,55.158829580290806,0
2026-03-13T13:58:26.034966,80014.0,97887.0,100.0,83.0,300.01,12.663495838287753,1.0,0.0,6775.0,41.0,0.0,0.0,335.5286121368408,55.165027226158934,0
2026-03-13T13:58:28.068087,80014.0,97887.0,100.0,83.0,300.01,12.75267538644471,1.0,0.0,6811.0,41.0,0.0,0.0,335.5286121368408,55.17125513817916,0
2026-03-13T13:58:30.102888,80014.0,97887.0,100.0,83.0,299.99,12.812128418549351,1.0,0.0,6847.0,41.0,0.0,0.0,335.5286121368408,55.17780033873791,0
2026-03-13T13:58:32.134657,80014.0,97887.0,100.0,83.0,299.98,12.871581450653979,1.0,0.0,6883.0,41.0,0.0,0.0,335.5286121368408,55.18419829758775,0
2026-03-13T13:58:34.168220,80014.0,97887.0,100.0,83.0,300.04,12.93103448275862,1.0,0.0,6919.0,41.0,0.0,0.0,335.5286121368408,55.1906054880025,0
2026-03-13T13:58:36.201209,80014.0,97887.0,100.0,83.0,299.97,13.020214030915579,1.0,0.0,6956.0,41.0,0.0,0.0,335.5286121368408,55.19685772595237,0
2026-03-13T13:58:38.245322,80014.0,97887.0,100.0,83.0,300.01,13.079667063020217,1.0,0.0,6992.0,41.0,0.0,0.0,335.5286121368408,55.203147483192936,0
2026-03-13T13:58:40.278127,80014.0,97887.0,100.0,82.0,300.64,13.228299643281805,2.0,0.0,7054.0,51.0,0.0,0.0,246.2606430053711,55.17197492938126,0
2026-03-13T13:58:42.312510,80014.0,97887.0,100.0,82.0,299.95,13.376932223543403,2.0,0.0,7136.0,51.0,0.0,0.0,246.2606430053711,55.11120896523666,0
2026-03-13T13:58:44.349943,80014.0,97887.0,100.0,82.0,300.06,13.674197384066588,2.0,0.0,7302.0,51.0,0.0,0.0,246.2606430053711,54.991552380274136,0
2026-03-13T13:58:46.382239,80014.0,97887.0,100.0,82.0,299.96,13.852556480380496,2.0,0.0,7384.0,51.0,0.0,0.0,246.2606430053711,54.934923263072434,0
2026-03-13T13:58:48.419330,80014.0,97887.0,100.0,84.0,300.01,14.030915576694413,2.0,0.0,7460.0,302.0,0.0,0.0,226.16163889567056,54.892956722005636,8742.928504943848
2026-03-13T13:58:50.453549,80014.0,97887.0,100.0,82.0,299.98,14.179548156956,2.0,0.0,7542.0,302.0,0.0,0.0,226.16163889567056,54.839004078259514,8742.928504943848
2026-03-13T13:58:52.503617,80014.0,97887.0,100.0,82.0,299.97,14.3281807372176,2.0,0.0,7624.0,302.0,0.0,0.0,226.16163889567056,54.786479676420555,8742.928504943848
2026-03-13T13:58:54.548318,80014.0,97887.0,100.0,82.0,300.01,14.506539833531507,2.0,0.0,7706.0,302.0,0.0,0.0,226.16163889567056,54.73536699363917,8742.928504943848
2026-03-13T13:58:56.583105,80014.0,97887.0,100.0,82.0,300.02,14.625445897740786,2.0,0.0,7788.0,302.0,0.0,0.0,226.16163889567056,54.68546770841368,8742.928504943848
2026-03-13T13:58:58.616772,80014.0,97887.0,100.0,82.0,299.94,14.803804994054692,2.0,0.0,7868.0,302.0,0.0,0.0,226.16163889567056,54.63866484221201,8742.928504943848
2026-03-13T13:59:00.648978,80014.0,97887.0,100.0,82.0,300.01,14.922711058263971,2.0,0.0,7950.0,302.0,0.0,0.0,226.16163889567056,54.59277101774223,8742.928504943848
2026-03-13T13:59:02.725108,80014.0,97887.0,100.0,82.0,299.95,15.101070154577878,2.0,0.0,8032.0,302.0,0.0,0.0,226.16163889567056,54.54803476223641,8742.928504943848
2026-03-13T13:59:04.770500,80014.0,97887.0,100.0,82.0,300.02,14.774078478002373,2.0,0.0,8106.0,612.0,0.0,0.0,228.19578647613525,54.522362326462854,12072.215795516968
2026-03-13T13:59:06.802076,80014.0,97887.0,100.0,82.0,299.96,14.922711058263971,2.0,0.0,8188.0,612.0,0.0,0.0,228.19578647613525,54.47830367240976,12072.215795516968
2026-03-13T13:59:08.834931,80014.0,97887.0,100.0,82.0,300.02,15.101070154577878,2.0,0.0,8270.0,612.0,0.0,0.0,228.19578647613525,54.43473088301441,12072.215795516968
2026-03-13T13:59:10.864749,80014.0,97887.0,100.0,82.0,300.06,15.219976218787156,2.0,0.0,8350.0,612.0,0.0,0.0,228.19578647613525,54.39305136220963,12072.215795516968
2026-03-13T13:59:12.897829,80014.0,97887.0,100.0,82.0,299.92,14.98216409036861,2.0,0.0,8498.0,813.0,0.0,0.0,225.7650375366211,54.33276610808855,11066.388050715128
2026-03-13T13:59:14.932309,80014.0,97887.0,100.0,82.0,300.05,15.130796670630197,2.0,0.0,8580.0,813.0,0.0,0.0,225.7650375366211,54.29130385795928,11066.388050715128
2026-03-13T13:59:16.965335,80014.0,97887.0,100.0,82.0,300.0,15.279429250891797,2.0,0.0,8662.0,813.0,0.0,0.0,225.7650375366211,54.24990562227132,11066.388050715128
2026-03-13T13:59:18.996773,80014.0,97887.0,100.0,82.0,300.04,15.428061831153384,2.0,0.0,8742.0,813.0,0.0,0.0,225.7650375366211,54.210920685590125,11066.388050715128
2026-03-13T13:59:21.030506,80014.0,97887.0,100.0,82.0,300.02,15.576694411414982,2.0,0.0,8824.0,813.0,0.0,0.0,225.7650375366211,54.171879623312925,11066.388050715128
2026-03-13T13:59:23.062708,80014.0,97887.0,100.0,82.0,300.02,15.72532699167658,2.0,0.0,8904.0,813.0,0.0,0.0,225.7650375366211,54.13584720889965,11066.388050715128
2026-03-13T13:59:25.098563,80014.0,97887.0,100.0,83.0,300.05,14.95243757431629,1.0,0.0,8965.0,813.0,0.0,0.0,225.7650375366211,54.12142321350432,11669.129073619843
2026-03-13T13:59:27.130232,80014.0,97887.0,100.0,83.0,299.99,15.01189060642093,1.0,0.0,9000.0,813.0,0.0,0.0,225.7650375366211,54.1318207130625,11669.129073619843
2026-03-13T13:59:29.175023,80014.0,97887.0,100.0,83.0,300.0,15.101070154577878,1.0,0.0,9036.0,813.0,0.0,0.0,225.7650375366211,54.14253771564581,11669.129073619843
2026-03-13T13:59:31.220553,80014.0,97887.0,100.0,83.0,300.01,15.160523186682518,1.0,0.0,9072.0,813.0,0.0,0.0,225.7650375366211,54.153397585750575,11669.129073619843
2026-03-13T13:59:33.263818,80014.0,97887.0,100.0,83.0,299.99,15.219976218787156,1.0,0.0,9108.0,813.0,0.0,0.0,225.7650375366211,54.1644353424143,11669.129073619843
2026-03-13T13:59:35.319899,80014.0,97887.0,100.0,83.0,300.0,15.279429250891797,1.0,0.0,9144.0,813.0,0.0,0.0,225.7650375366211,54.17550046744717,11669.129073619843
2026-03-13T13:59:37.366841,80014.0,97887.0,100.0,83.0,300.01,15.368608799048754,1.0,0.0,9180.0,813.0,0.0,0.0,225.7650375366211,54.18647319901878,11669.129073619843
2026-03-13T13:59:39.418958,80014.0,97887.0,100.0,83.0,300.02,15.428061831153384,1.0,0.0,9216.0,813.0,0.0,0.0,225.7650375366211,54.196737368363955,11669.129073619843
2026-03-13T13:59:41.478928,80014.0,97887.0,100.0,83.0,300.01,15.487514863258022,1.0,0.0,9253.0,813.0,0.0,0.0,225.7650375366211,54.20677285910462,11669.129073619843
2026-03-13T13:59:43.513156,80014.0,97887.0,100.0,84.0,300.02,15.636147443519622,1.0,0.0,9326.0,813.0,0.0,0.0,225.7650375366211,54.22594207381172,11669.129073619843
2026-03-13T13:59:45.553901,80014.0,97887.0,100.0,83.0,299.98,15.69560047562426,1.0,0.0,9362.0,813.0,0.0,0.0,225.7650375366211,54.235391986747615,11669.129073619843
2026-03-13T13:59:47.594080,80014.0,97887.0,100.0,84.0,299.99,15.755053507728888,1.0,0.0,9398.0,813.0,0.0,0.0,225.7650375366211,54.24478727946329,11669.129073619843
2026-03-13T13:59:49.630056,80014.0,97887.0,100.0,84.0,299.96,15.814506539833529,1.0,0.0,9434.0,813.0,0.0,0.0,225.7650375366211,54.2541640129386,11669.129073619843
2026-03-13T13:59:51.660672,80014.0,97887.0,100.0,84.0,299.99,15.903686087990486,1.0,0.0,9470.0,813.0,0.0,0.0,225.7650375366211,54.263488372424504,11669.129073619843
2026-03-13T13:59:53.696538,80014.0,97887.0,100.0,84.0,299.99,17.003567181926282,2.0,0.0,9504.0,1364.0,0.0,0.0,244.7289228439331,54.2896518747102,11669.129073619843
2026-03-13T13:59:55.728870,80014.0,97887.0,100.0,83.0,299.92,17.12247324613555,2.0,0.0,9584.0,1364.0,0.0,0.0,244.7289228439331,54.257074004385345,11669.129073619843
2026-03-13T13:59:57.761036,80014.0,97887.0,100.0,83.0,300.0,17.300832342449468,2.0,0.0,9664.0,1364.0,0.0,0.0,244.7289228439331,54.225508628494886,11669.129073619843
2026-03-13T13:59:59.830509,80014.0,97887.0,100.0,83.0,299.99,17.449464922711055,2.0,0.0,9746.0,1364.0,0.0,0.0,244.7289228439331,54.1936572264891,11669.129073619843
2026-03-13T14:00:01.861691,80014.0,97887.0,100.0,83.0,299.97,17.598097502972653,2.0,0.0,9826.0,1364.0,0.0,0.0,244.7289228439331,54.16321867413475,11669.129073619843
2026-03-13T14:00:03.897300,80014.0,97887.0,100.0,83.0,299.93,17.74673008323424,2.0,0.0,9908.0,1364.0,0.0,0.0,244.7289228439331,54.13306722217753,11669.129073619843
2026-03-13T14:00:05.950237,80014.0,97887.0,100.0,83.0,300.05,17.89536266349584,2.0,0.0,9988.0,1364.0,0.0,0.0,244.7289228439331,54.104547401121785,11669.129073619843
2026-03-13T14:00:07.982798,80014.0,97887.0,100.0,83.0,299.97,18.043995243757426,2.0,0.0,10070.0,1364.0,0.0,0.0,244.7289228439331,54.07582882651042,11669.129073619843
2026-03-13T14:00:10.022475,80014.0,97887.0,100.0,83.0,300.02,18.192627824019027,2.0,0.0,10150.0,1364.0,0.0,0.0,244.7289228439331,54.04824320425901,11669.129073619843
2026-03-13T14:00:12.064109,80014.0,97887.0,100.0,83.0,300.02,18.341260404280625,2.0,0.0,10230.0,1364.0,0.0,0.0,244.7289228439331,54.02092388125957,11669.129073619843
2026-03-13T14:00:14.099086,80014.0,97887.0,100.0,83.0,299.95,18.668252080856128,2.0,0.0,10392.0,1364.0,0.0,0.0,244.7289228439331,53.967195338340034,11669.129073619843
2026-03-13T14:00:16.131239,80014.0,97887.0,100.0,83.0,299.99,18.787158145065398,2.0,0.0,10472.0,1364.0,0.0,0.0,244.7289228439331,53.941425253582935,11669.129073619843
2026-03-13T14:00:18.172982,80014.0,97887.0,100.0,83.0,300.03,18.252080856123666,2.0,0.0,10539.0,2048.0,0.0,0.0,261.58738136291504,53.94148478835912,13913.515615463257
2026-03-13T14:00:20.203234,80014.0,97887.0,99.0,83.0,299.93,18.400713436385253,2.0,0.0,10619.0,2048.0,0.0,0.0,261.58738136291504,53.916431747738216,13913.515615463257
2026-03-13T14:00:22.234317,80014.0,97887.0,100.0,83.0,299.89,18.54934601664685,2.0,0.0,10699.0,2048.0,0.0,0.0,261.58738136291504,53.89232139141446,13913.515615463257
2026-03-13T14:00:24.278632,80014.0,97887.0,100.0,83.0,300.01,18.727705112960756,2.0,0.0,10781.0,2048.0,0.0,0.0,261.58738136291504,53.86800416085006,13913.515615463257
2026-03-13T14:00:26.324895,80804.0,97887.0,100.0,86.0,299.99,16.97384066587396,2.0,0.0,10794.0,2048.0,0.0,2.0125786163522013,261.58738136291504,53.86503993380925,89508.38355223338
2026-03-13T14:00:28.378685,80804.0,97887.0,100.0,84.0,299.93,17.06302021403091,2.0,0.0,10834.0,10335.0,0.0,2.0125786163522013,582.721084356308,54.099073704230406,89508.38355223338
2026-03-13T14:00:30.430980,80804.0,97887.0,100.0,84.0,300.02,17.211652794292508,2.0,0.0,10914.0,10335.0,0.0,2.0125786163522013,582.721084356308,54.074993785072245,89508.38355223338
2026-03-13T14:00:32.485458,80804.0,97887.0,100.0,84.0,299.99,17.360285374554106,2.0,0.0,10996.0,10335.0,0.0,2.0125786163522013,582.721084356308,54.050817304514176,89508.38355223338
2026-03-13T14:00:34.541505,80804.0,97887.0,100.0,84.0,299.99,17.508917954815693,2.0,0.0,11076.0,10335.0,0.0,2.0125786163522013,582.721084356308,54.02800307986988,89508.38355223338
2026-03-13T14:00:36.601278,80804.0,97887.0,100.0,83.0,300.02,17.65755053507729,2.0,0.0,11158.0,10335.0,0.0,2.0125786163522013,582.721084356308,54.00424360681647,89508.38355223338
2026-03-13T14:00:38.664011,80804.0,97887.0,99.0,83.0,300.0,17.806183115338882,2.0,0.0,11240.0,10335.0,0.0,2.0125786163522013,582.721084356308,53.979575060541656,89508.38355223338
2026-03-13T14:00:40.695677,80804.0,97887.0,100.0,83.0,299.97,17.95481569560048,2.0,0.0,11320.0,10335.0,0.0,2.0125786163522013,582.721084356308,53.95577737977383,89508.38355223338
2026-03-13T14:00:42.726096,80804.0,97887.0,100.0,83.0,299.93,18.103448275862068,2.0,0.0,11400.0,10335.0,0.0,2.0125786163522013,582.721084356308,53.93257563202261,89508.38355223338
2026-03-13T14:00:44.766661,80804.0,97887.0,100.0,83.0,300.01,18.400713436385253,2.0,0.0,11564.0,10335.0,0.0,2.0125786163522013,582.721084356308,53.88548573052968,89508.38355223338
2026-03-13T14:00:46.798813,80804.0,97887.0,100.0,83.0,300.02,18.579072532699172,2.0,0.0,11644.0,10335.0,0.0,2.0125786163522013,582.721084356308,53.86209659333124,89508.38355223338
2026-03-13T14:00:48.837731,80804.0,97887.0,100.0,83.0,299.98,18.727705112960756,2.0,0.0,11726.0,10335.0,0.0,2.0125786163522013,582.721084356308,53.83857514029727,89508.38355223338
2026-03-13T14:00:50.877618,80804.0,97887.0,100.0,83.0,300.01,18.876337693222357,2.0,0.0,11806.0,10335.0,0.0,2.0125786163522013,582.721084356308,53.816109666384,89508.38355223338
2026-03-13T14:00:52.914710,80804.0,97887.0,100.0,83.0,299.99,19.024970273483945,2.0,0.0,11886.0,10335.0,0.0,2.0125786163522013,582.721084356308,53.79613123404625,89508.38355223338
2026-03-13T14:00:54.944919,80804.0,97887.0,100.0,83.0,299.99,19.173602853745543,2.0,0.0,11966.0,10335.0,0.0,2.0125786163522013,582.721084356308,53.778125851479935,89508.38355223338
2026-03-13T14:00:56.976726,80804.0,97887.0,100.0,83.0,300.01,19.29250891795482,2.0,0.0,12044.0,10335.0,0.0,2.0125786163522013,582.721084356308,53.76081037121963,89508.38355223338
2026-03-13T14:00:59.005253,81596.0,97887.0,100.0,86.0,300.01,18.281807372175983,2.0,0.0,12064.0,10335.0,0.0,2.4838070767089557,582.721084356308,53.75684316174521,81411.76816395351
2026-03-13T14:01:01.037437,81596.0,97887.0,100.0,84.0,300.02,33.38287752675386,3.0,0.0,12090.0,18681.0,0.0,1.8524051389303853,829.6341366238065,53.97206852694335,81411.76816395351
2026-03-13T14:01:03.072577,81596.0,97887.0,100.0,86.0,299.98,33.38287752675386,3.0,0.0,12090.0,18681.0,0.0,1.8524051389303853,829.6341366238065,53.97206852694335,81411.76816395351
2026-03-13T14:01:05.105301,81596.0,97887.0,100.0,84.0,299.99,33.531510107015464,3.0,0.0,12180.0,26776.0,0.0,1.8524051389303853,1026.5760660171509,54.40289811553024,81411.76816395351
2026-03-13T14:01:07.157305,81596.0,97887.0,100.0,84.0,300.01,33.769322235434004,3.0,0.0,12294.0,26776.0,0.0,1.8524051389303853,1026.5760660171509,54.393368213937144,81411.76816395351
2026-03-13T14:01:09.192010,81596.0,97887.0,100.0,84.0,300.01,33.97740784780024,3.0,0.0,12411.0,26776.0,0.0,1.8524051389303853,1026.5760660171509,54.38216267970362,81411.76816395351
2026-03-13T14:01:11.223089,81596.0,97887.0,100.0,84.0,300.03,34.18549346016647,3.0,0.0,12525.0,26776.0,0.0,1.8524051389303853,1026.5760660171509,54.37063780735118,81411.76816395351
2026-03-13T14:01:13.253555,81596.0,97887.0,100.0,84.0,300.0,34.63139120095124,3.0,0.0,12759.0,26776.0,0.0,1.8524051389303853,1026.5760660171509,54.34849293121064,81411.76816395351
2026-03-13T14:01:15.285243,81596.0,97887.0,100.0,84.0,299.98,34.83947681331748,3.0,0.0,12873.0,26776.0,0.0,1.8524051389303853,1026.5760660171509,54.338261018658756,81411.76816395351
2026-03-13T14:01:17.349306,81596.0,97887.0,100.0,84.0,299.99,35.04756242568371,3.0,0.0,12990.0,26776.0,0.0,1.8524051389303853,1026.5760660171509,54.32824831533129,81411.76816395351
2026-03-13T14:01:19.384331,81596.0,97887.0,100.0,84.0,299.93,35.285374554102255,3.0,0.0,13104.0,26776.0,0.0,1.8524051389303853,1026.5760660171509,54.319208646326544,81411.76816395351
2026-03-13T14:01:21.421717,81596.0,97887.0,100.0,84.0,299.99,35.463733650416174,3.0,0.0,13221.0,26776.0,0.0,1.8524051389303853,1026.5760660171509,54.310465825145755,81411.76816395351
2026-03-13T14:01:23.465185,81596.0,97887.0,100.0,84.0,300.01,35.70154577883472,3.0,0.0,13335.0,26776.0,0.0,1.8524051389303853,1026.5760660171509,54.302318000900996,81411.76816395351
2026-03-13T14:01:25.506256,81596.0,97887.0,100.0,84.0,299.99,35.909631391200946,3.0,0.0,13449.0,26776.0,0.0,1.8524051389303853,1026.5760660171509,54.294466029838986,81411.76816395351
2026-03-13T14:01:27.542136,81596.0,97887.0,100.0,84.0,300.0,36.117717003567186,3.0,0.0,13563.0,26776.0,0.0,1.8524051389303853,1026.5760660171509,54.28704150306245,81411.76816395351
2026-03-13T14:01:29.578026,81596.0,97887.0,100.0,84.0,300.09,36.32580261593341,3.0,0.0,13677.0,26776.0,0.0,1.8524051389303853,1026.5760660171509,54.28033758476633,81411.76816395351
2026-03-13T14:01:31.614524,81596.0,97887.0,100.0,84.0,300.06,34.63139120095124,3.0,0.0,13780.0,27776.0,0.0,2.6497695852534564,964.3569642847235,54.30201132464213,80429.56593632698
2026-03-13T14:01:33.650955,81596.0,97887.0,99.0,84.0,299.98,34.83947681331748,3.0,0.0,13894.0,27776.0,0.0,2.6497695852534564,964.3569642847235,54.29231821933284,80429.56593632698
2026-03-13T14:01:35.682809,81596.0,97887.0,100.0,84.0,300.01,35.01783590963139,3.0,0.0,14008.0,27776.0,0.0,2.6497695852534564,964.3569642847235,54.28267326812935,80429.56593632698
2026-03-13T14:01:37.718121,81596.0,97887.0,100.0,84.0,300.0,35.255648038049934,3.0,0.0,14125.0,27776.0,0.0,2.6497695852534564,964.3569642847235,54.27315948370427,80429.56593632698
2026-03-13T14:01:39.758986,81596.0,97887.0,100.0,84.0,299.96,33.85850178359097,3.0,0.0,14207.0,27776.0,0.0,2.487990447893816,964.3569642847235,54.266558106297566,76124.37687979803
2026-03-13T14:01:41.828173,81596.0,97887.0,100.0,86.0,300.0,33.85850178359097,3.0,0.0,14207.0,27776.0,0.0,2.487990447893816,964.3569642847235,54.266558106297566,76124.37687979803
2026-03-13T14:01:43.865742,81596.0,97887.0,100.0,84.0,300.0,34.27467300832342,3.0,0.0,14435.0,36013.0,0.0,2.487990447893816,1116.3471539815266,54.61477976405774,76124.37687979803
2026-03-13T14:01:45.894889,81596.0,97887.0,100.0,84.0,299.94,34.51248513674198,3.0,0.0,14549.0,36013.0,0.0,2.487990447893816,1116.3471539815266,54.60277846639649,76124.37687979803
2026-03-13T14:01:47.930400,81596.0,97887.0,100.0,84.0,300.08,34.720570749108205,3.0,0.0,14663.0,36013.0,0.0,2.487990447893816,1116.3471539815266,54.59154414995586,76124.37687979803
2026-03-13T14:01:49.959179,81596.0,97887.0,100.0,84.0,300.02,34.92865636147443,3.0,0.0,14780.0,36013.0,0.0,2.487990447893816,1116.3471539815266,54.57994403852964,76124.37687979803
2026-03-13T14:01:51.994377,81596.0,97887.0,100.0,84.0,300.03,35.166468489892985,3.0,0.0,14894.0,36013.0,0.0,2.487990447893816,1116.3471539815266,54.56854508668183,76124.37687979803
2026-03-13T14:01:54.033556,81596.0,97887.0,100.0,84.0,299.99,35.3448275862069,3.0,0.0,15008.0,36013.0,0.0,2.487990447893816,1116.3471539815266,54.55749759122456,76124.37687979803
2026-03-13T14:01:56.081585,81596.0,97887.0,100.0,84.0,299.96,35.582639714625444,3.0,0.0,15125.0,36013.0,0.0,2.487990447893816,1116.3471539815266,54.546308450142156,76124.37687979803
2026-03-13T14:01:58.128062,81596.0,97887.0,100.0,84.0,300.01,35.79072532699168,3.0,0.0,15239.0,36013.0,0.0,2.487990447893816,1116.3471539815266,54.53608831995835,76124.37687979803
2026-03-13T14:02:00.158958,81596.0,97887.0,100.0,84.0,300.0,33.115338882283,2.0,0.0,15355.0,36013.0,0.0,2.487990447893816,1116.3471539815266,54.52634993879974,71523.10214042664
2026-03-13T14:02:02.193232,81596.0,97887.0,99.0,84.0,299.95,33.263971462544596,2.0,0.0,15433.0,36013.0,0.0,2.487990447893816,1116.3471539815266,54.51461846566392,71523.10214042664
2026-03-13T14:02:04.223646,81596.0,97887.0,100.0,84.0,299.99,33.38287752675386,2.0,0.0,15509.0,36013.0,0.0,2.487990447893816,1116.3471539815266,54.503360205910965,71523.10214042664
2026-03-13T14:02:06.266426,81596.0,97887.0,100.0,84.0,299.95,33.56123662306778,2.0,0.0,15589.0,36013.0,0.0,2.487990447893816,1116.3471539815266,54.49179834107969,71523.10214042664
2026-03-13T14:02:08.296592,81596.0,97887.0,100.0,84.0,299.95,33.68014268727705,2.0,0.0,15665.0,36013.0,0.0,2.487990447893816,1116.3471539815266,54.48090852660857,71523.10214042664
2026-03-13T14:02:10.332007,81596.0,97887.0,100.0,84.0,299.99,36.652794292508915,3.0,0.0,15727.0,46890.0,0.0,20.678182981445936,1024.031060082572,54.56073664774401,71307.2242086584
2026-03-13T14:02:12.366940,81596.0,97887.0,100.0,84.0,299.99,36.831153388822834,3.0,0.0,15841.0,46890.0,0.0,20.678182981445936,1024.031060082572,54.55367874493,71307.2242086584
2026-03-13T14:02:14.397227,81596.0,97887.0,100.0,84.0,299.98,37.27705112960761,3.0,0.0,16072.0,46890.0,0.0,20.678182981445936,1024.031060082572,54.540158758188916,71307.2242086584
2026-03-13T14:02:16.429040,81596.0,97887.0,100.0,84.0,300.01,37.455410225921526,3.0,0.0,16183.0,46890.0,0.0,20.678182981445936,1024.031060082572,54.53388945265619,71307.2242086584
2026-03-13T14:02:18.463164,81596.0,97887.0,99.0,84.0,299.95,37.69322235434007,3.0,0.0,16297.0,46890.0,0.0,20.678182981445936,1024.031060082572,54.52754276368036,71307.2242086584
2026-03-13T14:02:20.508176,81596.0,97887.0,100.0,84.0,300.02,37.9013079667063,3.0,0.0,16414.0,46890.0,0.0,20.678182981445936,1024.031060082572,54.521095379939474,71307.2242086584
2026-03-13T14:02:22.542474,81596.0,97887.0,100.0,84.0,299.95,20.957193816884654,2.0,0.0,16516.0,46890.0,0.0,20.678182981445936,1024.031060082572,54.51226759374618,66364.24481868744
2026-03-13T14:02:24.573567,81596.0,97887.0,100.0,84.0,299.98,21.135552913198573,2.0,0.0,16596.0,46890.0,0.0,20.678182981445936,1024.031060082572,54.495162226148715,66364.24481868744
2026-03-13T14:02:26.604958,81596.0,97887.0,100.0,84.0,299.98,21.254458977407854,2.0,0.0,16676.0,46890.0,0.0,20.678182981445936,1024.031060082572,54.478341984035644,66364.24481868744
2026-03-13T14:02:28.637827,81596.0,97887.0,100.0,84.0,299.99,21.43281807372176,2.0,0.0,16756.0,46890.0,0.0,20.678182981445936,1024.031060082572,54.461762860351186,66364.24481868744
2026-03-13T14:02:30.674060,81596.0,97887.0,100.0,84.0,299.99,21.55172413793104,2.0,0.0,16834.0,46890.0,0.0,20.678182981445936,1024.031060082572,54.446265571581435,66364.24481868744
2026-03-13T14:02:32.706266,81596.0,97887.0,100.0,84.0,299.96,21.730083234244944,2.0,0.0,16914.0,46890.0,0.0,20.678182981445936,1024.031060082572,54.430669650296,66364.24481868744
2026-03-13T14:02:34.750822,81596.0,97887.0,100.0,84.0,300.01,21.848989298454224,2.0,0.0,16994.0,46890.0,0.0,20.678182981445936,1024.031060082572,54.41510029434639,66364.24481868744
2026-03-13T14:02:36.860431,81596.0,97887.0,100.0,84.0,300.03,22.027348394768133,2.0,0.0,17076.0,46890.0,0.0,20.678182981445936,1024.031060082572,54.39942986625248,66364.24481868744
2026-03-13T14:02:38.911762,81596.0,97887.0,100.0,84.0,300.0,22.14625445897741,2.0,0.0,17158.0,46890.0,0.0,20.678182981445936,1024.031060082572,54.38364540049017,66364.24481868744
2026-03-13T14:02:40.946977,81596.0,97887.0,100.0,84.0,299.98,22.324613555291318,2.0,0.0,17236.0,46890.0,0.0,20.678182981445936,1024.031060082572,54.368929806061956,66364.24481868744
2026-03-13T14:02:42.978409,81596.0,97887.0,100.0,83.0,299.99,22.443519619500595,2.0,0.0,17316.0,46890.0,0.0,20.678182981445936,1024.031060082572,54.3543948685704,66364.24481868744
2026-03-13T14:02:45.010772,81596.0,97887.0,100.0,83.0,299.99,22.74078478002378,2.0,0.0,17476.0,46890.0,0.0,20.678182981445936,1024.031060082572,54.32562847554685,66364.24481868744
2026-03-13T14:02:47.043407,81596.0,97887.0,100.0,83.0,300.01,22.91914387633769,2.0,0.0,17556.0,46890.0,0.0,20.678182981445936,1024.031060082572,54.31128753984745,66364.24481868744
2026-03-13T14:02:49.073944,81596.0,97887.0,100.0,86.0,299.95,37.18787158145065,3.0,0.0,17609.0,57259.0,0.0,31.100787649103196,979.8737913370132,54.36063307139187,64245.52759757408
2026-03-13T14:02:51.106364,81596.0,97887.0,100.0,83.0,299.98,37.425683709869205,3.0,0.0,17723.0,57259.0,0.0,31.100787649103196,979.8737913370132,54.35503713181226,64245.52759757408
2026-03-13T14:02:53.140577,81596.0,97887.0,99.0,83.0,299.96,37.60404280618312,3.0,0.0,17837.0,57259.0,0.0,31.100787649103196,979.8737913370132,54.349684643454225,64245.52759757408
2026-03-13T14:02:55.173506,81596.0,97887.0,100.0,83.0,300.01,37.81212841854935,3.0,0.0,17951.0,57259.0,0.0,31.100787649103196,979.8737913370132,54.34468506852497,64245.52759757408
2026-03-13T14:02:57.206104,81596.0,97887.0,100.0,83.0,300.0,38.049940546967896,3.0,0.0,18065.0,57259.0,0.0,31.100787649103196,979.8737913370132,54.33991924505492,64245.52759757408
2026-03-13T14:02:59.243231,81596.0,97887.0,100.0,83.0,300.02,38.2282996432818,3.0,0.0,18179.0,57259.0,0.0,31.100787649103196,979.8737913370132,54.335479588228885,64245.52759757408
2026-03-13T14:03:01.297957,81596.0,97887.0,100.0,83.0,300.0,38.49583828775267,3.0,0.0,18293.0,57259.0,0.0,31.100787649103196,979.8737913370132,54.33147889932695,64245.52759757408
2026-03-13T14:03:03.334640,81596.0,97887.0,100.0,83.0,299.97,38.67419738406659,3.0,0.0,18407.0,57259.0,0.0,31.100787649103196,979.8737913370132,54.32763826311771,64245.52759757408
2026-03-13T14:03:05.366984,81596.0,97887.0,100.0,83.0,299.97,38.882282996432814,3.0,0.0,18521.0,57259.0,0.0,31.100787649103196,979.8737913370132,54.32385097476359,64245.52759757408
2026-03-13T14:03:07.404242,81596.0,97887.0,99.0,83.0,300.01,39.120095124851375,3.0,0.0,18635.0,57259.0,0.0,31.100787649103196,979.8737913370132,54.32029831526922,64245.52759757408
2026-03-13T14:03:09.439849,81596.0,97887.0,100.0,83.0,299.99,39.29845422116528,3.0,0.0,18749.0,57259.0,0.0,31.100787649103196,979.8737913370132,54.31684518539446,64245.52759757408
2026-03-13T14:03:11.474142,81596.0,97887.0,100.0,83.0,300.0,39.506539833531505,3.0,0.0,18863.0,57259.0,0.0,31.100787649103196,979.8737913370132,54.31323675301099,64245.52759757408
2026-03-13T14:03:13.508118,81596.0,97887.0,100.0,83.0,299.99,39.744351961950066,3.0,0.0,18977.0,57259.0,0.0,31.100787649103196,979.8737913370132,54.30964386155775,64245.52759757408
2026-03-13T14:03:15.542658,81596.0,97887.0,100.0,83.0,299.96,40.19024970273484,3.0,0.0,19205.0,57259.0,0.0,31.100787649103196,979.8737913370132,54.303054300275825,64245.52759757408
2026-03-13T14:03:17.581411,81596.0,97887.0,100.0,83.0,299.98,40.36860879904876,3.0,0.0,19319.0,57259.0,0.0,31.100787649103196,979.8737913370132,54.29967916251352,64245.52759757408
2026-03-13T14:03:19.614818,81596.0,97887.0,100.0,83.0,300.06,40.576694411414984,3.0,0.0,19433.0,57259.0,0.0,31.100787649103196,979.8737913370132,54.29629075881967,64245.52759757408
2026-03-13T14:03:21.648795,81596.0,97887.0,100.0,83.0,299.97,40.81450653983353,3.0,0.0,19547.0,57259.0,0.0,31.100787649103196,979.8737913370132,54.292790423173535,64245.52759757408
2026-03-13T14:03:23.685921,81596.0,97887.0,99.0,83.0,299.99,40.99286563614745,3.0,0.0,19661.0,57259.0,0.0,31.100787649103196,979.8737913370132,54.28924408200545,64245.52759757408
2026-03-13T14:03:25.729558,81596.0,97887.0,100.0,83.0,299.96,41.200951248513675,3.0,0.0,19775.0,57259.0,0.0,31.100787649103196,979.8737913370132,54.285824113265015,64245.52759757408
2026-03-13T14:03:27.765859,81596.0,97887.0,100.0,83.0,299.98,41.43876337693222,3.0,0.0,19889.0,57259.0,0.0,31.100787649103196,979.8737913370132,54.283084444321496,64245.52759757408
2026-03-13T14:03:29.798111,81596.0,97887.0,99.0,83.0,300.02,22.294887039238997,2.0,0.0,19985.0,57259.0,0.0,31.100787649103196,979.8737913370132,54.27533109805203,67484.92240905762
2026-03-13T14:03:31.831772,81596.0,97887.0,100.0,83.0,300.01,22.443519619500595,2.0,0.0,20065.0,57259.0,0.0,31.100787649103196,979.8737913370132,54.26240053204633,67484.92240905762
2026-03-13T14:03:33.882978,81596.0,97887.0,100.0,83.0,299.97,22.592152199762182,2.0,0.0,20145.0,57259.0,0.0,31.100787649103196,979.8737913370132,54.24958884957032,67484.92240905762
2026-03-13T14:03:35.914686,81596.0,97887.0,100.0,83.0,300.0,22.74078478002378,2.0,0.0,20225.0,57259.0,0.0,31.100787649103196,979.8737913370132,54.236852098223586,67484.92240905762
2026-03-13T14:03:37.945636,81596.0,97887.0,100.0,83.0,299.99,22.85969084423306,2.0,0.0,20303.0,57259.0,0.0,31.100787649103196,979.8737913370132,54.22454165825414,67484.92240905762
2026-03-13T14:03:39.980321,81596.0,97887.0,100.0,83.0,299.98,23.03804994054697,2.0,0.0,20383.0,57259.0,0.0,31.100787649103196,979.8737913370132,54.21250222993079,67484.92240905762
2026-03-13T14:03:42.014790,81596.0,97887.0,100.0,83.0,300.01,23.156956004756246,2.0,0.0,20463.0,57259.0,0.0,31.100787649103196,979.8737913370132,54.20057590546281,67484.92240905762
2026-03-13T14:03:44.045382,81596.0,97887.0,100.0,83.0,299.98,23.483947681331752,2.0,0.0,20625.0,57259.0,0.0,31.100787649103196,979.8737913370132,54.17624474448053,67484.92240905762
2026-03-13T14:03:46.077648,81596.0,97887.0,100.0,83.0,299.99,23.63258026159334,2.0,0.0,20703.0,57259.0,0.0,31.100787649103196,979.8737913370132,54.164845891767854,67484.92240905762
2026-03-13T14:03:48.108195,81596.0,97887.0,100.0,83.0,299.98,23.751486325802617,2.0,0.0,20783.0,57259.0,0.0,31.100787649103196,979.8737913370132,54.15332666899396,67484.92240905762
2026-03-13T14:03:50.142864,81596.0,97887.0,100.0,83.0,299.98,23.929845422116525,2.0,0.0,20863.0,57259.0,0.0,31.100787649103196,979.8737913370132,54.14185581191528,67484.92240905762
2026-03-13T14:03:52.176824,81596.0,97887.0,100.0,83.0,299.98,24.048751486325802,2.0,0.0,20943.0,57259.0,0.0,31.100787649103196,979.8737913370132,54.13055968466566,67484.92240905762
2026-03-13T14:03:54.210500,81596.0,97887.0,100.0,83.0,300.0,24.22711058263971,2.0,0.0,21021.0,57259.0,0.0,31.100787649103196,979.8737913370132,54.119487439419245,67484.92240905762
2026-03-13T14:03:56.246793,81596.0,97887.0,100.0,83.0,299.97,24.346016646848987,2.0,0.0,21101.0,57259.0,0.0,31.100787649103196,979.8737913370132,54.108267881100346,67484.92240905762
2026-03-13T14:03:58.287622,81596.0,97887.0,100.0,83.0,300.01,24.524375743162896,2.0,0.0,21181.0,57259.0,0.0,31.100787649103196,979.8737913370132,54.09718286997412,67484.92240905762
2026-03-13T14:04:00.322742,81596.0,97887.0,100.0,83.0,299.97,24.643281807372176,2.0,0.0,21261.0,57259.0,0.0,31.100787649103196,979.8737913370132,54.08679516719222,67484.92240905762
2026-03-13T14:04:02.369037,81596.0,97887.0,100.0,83.0,299.98,24.82164090368609,2.0,0.0,21341.0,57259.0,0.0,31.100787649103196,979.8737913370132,54.07639814785448,67484.92240905762
2026-03-13T14:04:04.400427,81596.0,97887.0,100.0,83.0,299.97,24.94054696789536,2.0,0.0,21419.0,57259.0,0.0,31.100787649103196,979.8737913370132,54.06605000864379,67484.92240905762
2026-03-13T14:04:06.431583,81596.0,97887.0,100.0,83.0,299.99,25.118906064209277,2.0,0.0,21499.0,57259.0,0.0,31.100787649103196,979.8737913370132,54.05560752329739,67484.92240905762
2026-03-13T14:04:08.461477,81596.0,97887.0,100.0,83.0,300.01,25.237812128418547,2.0,0.0,21577.0,57259.0,0.0,31.100787649103196,979.8737913370132,54.04583506085047,67484.92240905762
2026-03-13T14:04:10.494696,81596.0,97887.0,100.0,83.0,300.01,25.386444708680145,2.0,0.0,21657.0,57259.0,0.0,31.100787649103196,979.8737913370132,54.036126997874554,67484.92240905762
2026-03-13T14:04:12.524553,81596.0,97887.0,100.0,83.0,300.0,25.535077288941732,2.0,0.0,21735.0,57259.0,0.0,31.100787649103196,979.8737913370132,54.02678224020448,67484.92240905762
2026-03-13T14:04:14.554111,81596.0,97887.0,100.0,83.0,299.97,25.832342449464917,2.0,0.0,21897.0,57259.0,0.0,31.100787649103196,979.8737913370132,54.00786114194974,67484.92240905762
2026-03-13T14:04:16.584598,81596.0,97887.0,100.0,83.0,299.98,25.980975029726515,2.0,0.0,21975.0,57259.0,0.0,31.100787649103196,979.8737913370132,53.997990202969156,67484.92240905762
2026-03-13T14:04:18.614096,81596.0,97887.0,99.0,83.0,299.92,26.129607609988113,2.0,0.0,22055.0,57259.0,0.0,31.100787649103196,979.8737913370132,53.98806749004029,67484.92240905762
2026-03-13T14:04:20.669043,81596.0,97887.0,100.0,83.0,299.98,26.2782401902497,2.0,0.0,22135.0,57259.0,0.0,31.100787649103196,979.8737913370132,53.97853744305802,67484.92240905762
2026-03-13T14:04:22.702674,81596.0,97887.0,100.0,83.0,299.97,26.426872770511302,2.0,0.0,22215.0,57259.0,0.0,31.100787649103196,979.8737913370132,53.96927659818021,67484.92240905762
2026-03-13T14:04:24.734009,81596.0,97887.0,100.0,83.0,299.96,26.575505350772886,2.0,0.0,22293.0,57259.0,0.0,31.100787649103196,979.8737913370132,53.96044030547212,67484.92240905762
2026-03-13T14:04:26.768175,81596.0,97887.0,100.0,83.0,299.98,26.724137931034488,2.0,0.0,22373.0,57259.0,0.0,31.100787649103196,979.8737913370132,53.951497794560915,67484.92240905762
2026-03-13T14:04:28.799811,81596.0,97887.0,100.0,83.0,300.0,26.872770511296075,2.0,0.0,22451.0,57259.0,0.0,31.100787649103196,979.8737913370132,53.942836013327316,67484.92240905762
2026-03-13T14:04:30.830574,81596.0,97887.0,100.0,83.0,300.05,27.021403091557673,2.0,0.0,22531.0,57259.0,0.0,31.100787649103196,979.8737913370132,53.934136881501075,67484.92240905762
2026-03-13T14:04:32.863411,81596.0,97887.0,100.0,83.0,299.98,27.17003567181926,2.0,0.0,22609.0,57259.0,0.0,31.100787649103196,979.8737913370132,53.92613762019206,67484.92240905762
2026-03-13T14:04:34.929420,81596.0,97887.0,100.0,83.0,300.13,26.694411414982167,2.0,0.0,22685.0,57259.0,0.0,39.40108464984674,979.8737913370132,53.91867742485326,70100.98512967427
2026-03-13T14:04:36.968153,81596.0,97887.0,100.0,83.0,299.98,26.813317479191433,2.0,0.0,22741.0,67856.0,0.0,39.40108464984674,967.9912118350759,53.94167232027808,70100.98512967427
2026-03-13T14:04:39.009651,81596.0,97887.0,100.0,83.0,300.06,26.932223543400713,2.0,0.0,22819.0,67856.0,0.0,39.40108464984674,967.9912118350759,53.93368294482932,70100.98512967427
2026-03-13T14:04:41.044864,81596.0,97887.0,100.0,83.0,299.98,27.08085612366231,2.0,0.0,22899.0,67856.0,0.0,39.40108464984674,967.9912118350759,53.92530145162145,70100.98512967427
2026-03-13T14:04:43.079384,81596.0,97887.0,100.0,83.0,299.97,27.2294887039239,2.0,0.0,22977.0,67856.0,0.0,39.40108464984674,967.9912118350759,53.91725803379775,70100.98512967427
2026-03-13T14:04:45.110193,81596.0,97887.0,100.0,83.0,299.99,27.526753864447084,2.0,0.0,23137.0,67856.0,0.0,39.40108464984674,967.9912118350759,53.90079124904852,70100.98512967427
2026-03-13T14:04:47.185456,81596.0,97887.0,100.0,83.0,300.04,27.675386444708682,2.0,0.0,23217.0,67856.0,0.0,39.40108464984674,967.9912118350759,53.892802141637794,70100.98512967427
2026-03-13T14:04:49.219353,81596.0,97887.0,100.0,83.0,299.96,27.82401902497027,2.0,0.0,23297.0,67856.0,0.0,39.40108464984674,967.9912118350759,53.88480200335053,70100.98512967427
2026-03-13T14:04:51.249385,81596.0,97887.0,100.0,83.0,299.97,27.972651605231867,2.0,0.0,23375.0,67856.0,0.0,39.40108464984674,967.9912118350759,53.87723751425643,70100.98512967427
2026-03-13T14:04:53.289058,81596.0,97887.0,100.0,83.0,300.04,28.121284185493455,2.0,0.0,23455.0,67856.0,0.0,39.40108464984674,967.9912118350759,53.86950000324248,70100.98512967427
2026-03-13T14:04:55.323971,81596.0,97887.0,100.0,83.0,299.98,28.240190249702735,2.0,0.0,23533.0,67856.0,0.0,39.40108464984674,967.9912118350759,53.86199544522893,70100.98512967427
2026-03-13T14:04:57.360271,81596.0,97887.0,100.0,83.0,300.03,7.84780023781213,1.0,0.0,23604.0,67856.0,0.0,39.40108464984674,967.9912118350759,53.8563805301225,67105.19109666348
2026-03-13T14:04:59.390204,81596.0,97887.0,100.0,83.0,299.99,7.90725326991677,1.0,0.0,23640.0,67856.0,0.0,39.40108464984674,967.9912118350759,53.8594580579096,67105.19109666348
2026-03-13T14:05:01.426919,81596.0,97887.0,100.0,83.0,299.96,7.966706302021398,1.0,0.0,23677.0,67856.0,0.0,39.40108464984674,967.9912118350759,53.8626602916315,67105.19109666348
2026-03-13T14:05:03.458368,81596.0,97887.0,100.0,83.0,300.04,8.055885850178356,1.0,0.0,23713.0,67856.0,0.0,39.40108464984674,967.9912118350759,53.86578363567691,67105.19109666348
2026-03-13T14:05:05.495770,81596.0,97887.0,100.0,83.0,300.0,8.115338882282996,1.0,0.0,23749.0,67856.0,0.0,39.40108464984674,967.9912118350759,53.868969710517504,67105.19109666348
2026-03-13T14:05:07.526243,81596.0,97887.0,100.0,86.0,299.93,27.526753864447084,2.0,0.0,23778.0,78267.0,0.0,45.36266881316519,957.8128920661079,53.896645339520134,67105.19109666348
2026-03-13T14:05:09.559246,81596.0,97887.0,100.0,83.0,300.0,27.675386444708682,2.0,0.0,23856.0,78267.0,0.0,45.36266881316519,957.8128920661079,53.88942141442215,67105.19109666348
2026-03-13T14:05:11.594601,81596.0,97887.0,100.0,83.0,299.97,27.82401902497027,2.0,0.0,23936.0,78267.0,0.0,45.36266881316519,957.8128920661079,53.88214456413582,67105.19109666348
2026-03-13T14:05:13.628307,81596.0,97887.0,100.0,83.0,300.06,27.972651605231867,2.0,0.0,24014.0,78267.0,0.0,45.36266881316519,957.8128920661079,53.87491513323046,67105.19109666348
2026-03-13T14:05:15.662332,81596.0,97887.0,100.0,83.0,299.98,28.269916765755056,2.0,0.0,24174.0,78267.0,0.0,45.36266881316519,957.8128920661079,53.8602611337554,67105.19109666348
2026-03-13T14:05:17.692290,81596.0,97887.0,100.0,83.0,299.98,28.388822829964333,2.0,0.0,24252.0,78267.0,0.0,45.36266881316519,957.8128920661079,53.853243562804394,67105.19109666348
2026-03-13T14:05:19.722992,81596.0,97887.0,99.0,83.0,300.04,28.56718192627824,2.0,0.0,24330.0,78267.0,0.0,45.36266881316519,957.8128920661079,53.84644489630632,67105.19109666348
2026-03-13T14:05:21.765363,81596.0,97887.0,100.0,83.0,299.99,28.68608799048752,2.0,0.0,24410.0,78267.0,0.0,45.36266881316519,957.8128920661079,53.83958521043765,67105.19109666348
2026-03-13T14:05:23.801032,81596.0,97887.0,100.0,83.0,300.0,28.864447086801427,2.0,0.0,24488.0,78267.0,0.0,45.36266881316519,957.8128920661079,53.83296397110738,67105.19109666348
2026-03-13T14:05:25.834301,81596.0,97887.0,100.0,83.0,299.96,28.983353151010704,2.0,0.0,24566.0,78267.0,0.0,45.36266881316519,957.8128920661079,53.826312745355885,67105.19109666348
2026-03-13T14:05:27.867459,81596.0,97887.0,100.0,83.0,300.03,29.13198573127229,2.0,0.0,24644.0,78267.0,0.0,45.36266881316519,957.8128920661079,53.81970955514505,67105.19109666348
2026-03-13T14:05:29.901776,81596.0,97887.0,100.0,83.0,300.04,29.28061831153389,2.0,0.0,24724.0,78267.0,0.0,45.36266881316519,957.8128920661079,53.813448004492805,67105.19109666348
2026-03-13T14:05:31.936489,81596.0,97887.0,100.0,83.0,299.99,29.429250891795476,2.0,0.0,24802.0,78267.0,0.0,45.36266881316519,957.8128920661079,53.80752910664145,67105.19109666348
2026-03-13T14:05:33.970972,81596.0,97887.0,100.0,83.0,300.01,29.577883472057074,2.0,0.0,24880.0,78267.0,0.0,45.36266881316519,957.8128920661079,53.80162784454182,67105.19109666348
2026-03-13T14:05:36.004916,81596.0,97887.0,100.0,83.0,299.95,29.696789536266355,2.0,0.0,24958.0,78267.0,0.0,45.36266881316519,957.8128920661079,53.795874090256575,67105.19109666348
2026-03-13T14:05:38.037755,81596.0,97887.0,100.0,83.0,299.96,29.875148632580263,2.0,0.0,25036.0,78267.0,0.0,45.36266881316519,957.8128920661079,53.790179406947075,67105.19109666348
2026-03-13T14:05:40.069081,81596.0,97887.0,100.0,83.0,300.05,29.99405469678954,2.0,0.0,25114.0,78267.0,0.0,45.36266881316519,957.8128920661079,53.78460165520392,67105.19109666348
2026-03-13T14:05:42.101410,81596.0,97887.0,100.0,83.0,300.03,30.17241379310345,2.0,0.0,25192.0,78267.0,0.0,45.36266881316519,957.8128920661079,53.77916307543501,67105.19109666348
2026-03-13T14:05:44.132134,81596.0,97887.0,100.0,83.0,300.03,30.291319857312725,2.0,0.0,25270.0,78267.0,0.0,45.36266881316519,957.8128920661079,53.773783555560016,67105.19109666348
2026-03-13T14:05:46.164863,81596.0,97887.0,100.0,83.0,300.05,30.58858501783591,2.0,0.0,25430.0,78267.0,0.0,45.36266881316519,957.8128920661079,53.76271164312127,67105.19109666348
2026-03-13T14:05:48.200474,81596.0,97887.0,100.0,83.0,300.06,30.737217598097498,2.0,0.0,25508.0,78267.0,0.0,45.36266881316519,957.8128920661079,53.75746033813255,67105.19109666348
2026-03-13T14:05:50.230178,81596.0,97887.0,99.0,83.0,300.04,30.8858501783591,2.0,0.0,25586.0,78267.0,0.0,45.36266881316519,957.8128920661079,53.7522103877111,67105.19109666348
2026-03-13T14:05:52.266945,81596.0,97887.0,100.0,83.0,300.05,31.034482758620683,2.0,0.0,25664.0,78267.0,0.0,45.36266881316519,957.8128920661079,53.747015763666795,67105.19109666348
2026-03-13T14:05:54.297246,81596.0,97887.0,100.0,83.0,300.05,31.183115338882285,2.0,0.0,25742.0,78267.0,0.0,45.36266881316519,957.8128920661079,53.74185563742036,67105.19109666348
2026-03-13T14:05:56.331551,81596.0,97887.0,100.0,83.0,300.0,21.254458977407854,1.0,0.0,25819.0,78267.0,0.0,45.36266881316519,957.8128920661079,53.736833391380166,74243.17418827729
2026-03-13T14:05:58.366826,81596.0,97887.0,100.0,84.0,300.11,28.53745541022592,2.0,0.0,25862.0,82134.0,0.0,44.41522390240339,960.9164313266152,53.76801031250234,74243.17418827729
2026-03-13T14:06:00.400544,81596.0,97887.0,100.0,83.0,299.98,28.68608799048752,2.0,0.0,25940.0,82134.0,0.0,44.41522390240339,960.9164313266152,53.76239203202051,74243.17418827729
2026-03-13T14:06:02.430507,81596.0,97887.0,100.0,83.0,300.01,28.804994054696785,2.0,0.0,26018.0,82134.0,0.0,44.41522390240339,960.9164313266152,53.758100320858404,74243.17418827729
2026-03-13T14:06:04.461037,81596.0,97887.0,100.0,83.0,299.97,28.983353151010704,2.0,0.0,26096.0,82134.0,0.0,44.41522390240339,960.9164313266152,53.75378962472689,74243.17418827729
2026-03-13T14:06:06.493240,81596.0,97887.0,100.0,83.0,299.97,29.102259215219973,2.0,0.0,26174.0,82134.0,0.0,44.41522390240339,960.9164313266152,53.74950957048375,74243.17418827729
2026-03-13T14:06:08.531520,81596.0,97887.0,100.0,83.0,300.02,29.28061831153389,2.0,0.0,26252.0,82134.0,0.0,44.41522390240339,960.9164313266152,53.74527052788462,74243.17418827729
2026-03-13T14:06:10.568901,81596.0,97887.0,100.0,83.0,300.07,29.39952437574316,2.0,0.0,26330.0,82134.0,0.0,44.41522390240339,960.9164313266152,53.739994869142336,74243.17418827729
2026-03-13T14:06:12.600736,81596.0,97887.0,100.0,83.0,299.93,29.577883472057074,2.0,0.0,26408.0,82134.0,0.0,44.41522390240339,960.9164313266152,53.73461985175655,74243.17418827729
2026-03-13T14:06:14.635435,81596.0,97887.0,100.0,83.0,299.97,29.696789536266355,2.0,0.0,26486.0,82134.0,0.0,44.41522390240339,960.9164313266152,53.72944054891007,74243.17418827729
2026-03-13T14:06:16.665705,81596.0,97887.0,100.0,83.0,299.96,29.99405469678954,2.0,0.0,26648.0,82134.0,0.0,44.41522390240339,960.9164313266152,53.71890348815209,74243.17418827729
2026-03-13T14:06:18.696277,81596.0,97887.0,100.0,83.0,299.98,30.142687277051127,2.0,0.0,26726.0,82134.0,0.0,44.41522390240339,960.9164313266152,53.713537666753936,74243.17418827729
2026-03-13T14:06:20.725581,81596.0,97887.0,100.0,84.0,299.98,22.17598097502973,1.0,0.0,26774.0,82134.0,0.0,44.41522390240339,960.9164313266152,53.71507213242393,71397.88677957322
2026-03-13T14:06:22.758785,81596.0,97887.0,100.0,84.0,299.98,22.23543400713437,1.0,0.0,26810.0,82134.0,0.0,44.41522390240339,960.9164313266152,53.72015142902465,71397.88677957322
2026-03-13T14:06:24.791868,81596.0,97887.0,100.0,84.0,300.01,22.294887039238997,1.0,0.0,26845.0,82134.0,0.0,44.41522390240339,960.9164313266152,53.72507170819359,71397.88677957322
2026-03-13T14:06:26.821088,81596.0,97887.0,100.0,84.0,299.97,22.354340071343636,1.0,0.0,26880.0,82134.0,0.0,44.41522390240339,960.9164313266152,53.730055455790975,71397.88677957322
2026-03-13T14:06:28.855639,81596.0,97887.0,100.0,84.0,300.0,22.443519619500595,1.0,0.0,26916.0,82134.0,0.0,44.41522390240339,960.9164313266152,53.73512055139978,71397.88677957322
2026-03-13T14:06:30.888346,81596.0,97887.0,100.0,84.0,299.99,22.502972651605234,1.0,0.0,26951.0,82134.0,0.0,44.41522390240339,960.9164313266152,53.74006399261111,71397.88677957322
2026-03-13T14:06:32.923817,81596.0,97887.0,100.0,84.0,300.03,22.562425683709876,1.0,0.0,26986.0,82134.0,0.0,44.41522390240339,960.9164313266152,53.74499552805279,71397.88677957322
2026-03-13T14:06:34.954704,81596.0,97887.0,100.0,84.0,300.02,22.621878715814503,1.0,0.0,27022.0,82134.0,0.0,44.41522390240339,960.9164313266152,53.750217779802234,71397.88677957322
2026-03-13T14:06:36.988818,81596.0,97887.0,100.0,84.0,299.99,22.681331747919142,1.0,0.0,27057.0,82134.0,0.0,44.41522390240339,960.9164313266152,53.75533199141952,71397.88677957322
2026-03-13T14:06:39.020069,81596.0,97887.0,100.0,84.0,299.96,22.7705112960761,1.0,0.0,27092.0,82134.0,0.0,44.41522390240339,960.9164313266152,53.760431152439665,71397.88677957322
2026-03-13T14:06:41.077628,81596.0,97887.0,100.0,86.0,299.99,33.50178359096314,2.0,0.0,27100.0,87901.0,0.0,41.828875666943496,1006.1830997467041,53.824230957163905,71397.88677957322
2026-03-13T14:06:43.108193,81596.0,97887.0,100.0,84.0,300.0,33.620689655172406,2.0,0.0,27178.0,87901.0,0.0,41.828875666943496,1006.1830997467041,53.82023823190223,71397.88677957322
2026-03-13T14:06:45.140749,81596.0,97887.0,100.0,84.0,299.92,33.91795481569561,2.0,0.0,27334.0,87901.0,0.0,41.828875666943496,1006.1830997467041,53.81208982463214,71397.88677957322
2026-03-13T14:06:47.173783,81596.0,97887.0,100.0,84.0,300.03,34.096313912009514,2.0,0.0,27412.0,87901.0,0.0,41.828875666943496,1006.1830997467041,53.808020864632205,71397.88677957322
2026-03-13T14:06:49.204100,81596.0,97887.0,100.0,84.0,300.02,34.21521997621879,2.0,0.0,27490.0,87901.0,0.0,41.828875666943496,1006.1830997467041,53.804067775027306,71397.88677957322
2026-03-13T14:06:51.237216,81596.0,97887.0,100.0,84.0,300.03,34.393579072532695,2.0,0.0,27568.0,87901.0,0.0,41.828875666943496,1006.1830997467041,53.800113630100256,71397.88677957322
2026-03-13T14:06:53.271798,81596.0,97887.0,100.0,84.0,299.97,34.51248513674198,2.0,0.0,27644.0,87901.0,0.0,41.828875666943496,1006.1830997467041,53.79631700463378,71397.88677957322
2026-03-13T14:06:55.303122,81596.0,97887.0,100.0,84.0,299.98,34.63139120095124,2.0,0.0,27722.0,87901.0,0.0,41.828875666943496,1006.1830997467041,53.792460914735344,71397.88677957322
2026-03-13T14:06:57.336118,81596.0,97887.0,100.0,84.0,300.03,34.80975029726516,2.0,0.0,27800.0,87901.0,0.0,41.828875666943496,1006.1830997467041,53.78873924492437,71397.88677957322
2026-03-13T14:06:59.371335,81596.0,97887.0,100.0,84.0,299.95,34.92865636147443,2.0,0.0,27878.0,87901.0,0.0,41.828875666943496,1006.1830997467041,53.78511940534152,71397.88677957322
2026-03-13T14:07:01.401777,81596.0,97887.0,100.0,84.0,300.02,35.10701545778835,2.0,0.0,27954.0,87901.0,0.0,41.828875666943496,1006.1830997467041,53.78170009064241,71397.88677957322
2026-03-13T14:07:03.433544,81596.0,97887.0,100.0,84.0,300.06,35.22592152199763,2.0,0.0,28032.0,87901.0,0.0,41.828875666943496,1006.1830997467041,53.77820998600603,71397.88677957322
2026-03-13T14:07:05.468669,81596.0,97887.0,99.0,84.0,299.88,35.40428061831153,2.0,0.0,28110.0,87901.0,0.0,41.828875666943496,1006.1830997467041,53.77486063239583,71397.88677957322
2026-03-13T14:07:07.507289,81596.0,97887.0,100.0,84.0,300.01,35.523186682520816,2.0,0.0,28186.0,87901.0,0.0,41.828875666943496,1006.1830997467041,53.77156455215504,71397.88677957322
2026-03-13T14:07:09.543958,81596.0,97887.0,100.0,84.0,300.0,35.64209274673008,2.0,0.0,28264.0,87901.0,0.0,41.828875666943496,1006.1830997467041,53.768489337841686,71397.88677957322
2026-03-13T14:07:11.577911,81596.0,97887.0,100.0,84.0,300.04,35.820451843044,2.0,0.0,28342.0,87901.0,0.0,41.828875666943496,1006.1830997467041,53.76559910408875,71397.88677957322
2026-03-13T14:07:13.612858,81596.0,97887.0,100.0,84.0,300.03,35.93935790725327,2.0,0.0,28418.0,87901.0,0.0,41.828875666943496,1006.1830997467041,53.76284946566671,71397.88677957322
2026-03-13T14:07:15.641728,81596.0,97887.0,100.0,83.0,299.96,32.9667063020214,2.0,0.0,28565.0,87901.0,0.0,40.536281007793775,1006.1830997467041,53.75802012054657,69544.09251715007
2026-03-13T14:07:17.677834,81596.0,97887.0,100.0,84.0,300.1,33.026159334126035,2.0,0.0,28601.0,92638.0,0.0,40.536281007793775,1024.2013817741758,53.79887947834145,69544.09251715007
2026-03-13T14:07:19.709416,81596.0,97887.0,100.0,84.0,300.03,33.14506539833532,2.0,0.0,28679.0,92638.0,0.0,40.536281007793775,1024.2013817741758,53.7946700138532,69544.09251715007
2026-03-13T14:07:21.749936,81596.0,97887.0,100.0,84.0,299.99,33.323424494649224,2.0,0.0,28757.0,92638.0,0.0,40.536281007793775,1024.2013817741758,53.7906241217636,69544.09251715007
2026-03-13T14:07:23.807526,81596.0,97887.0,100.0,84.0,299.95,33.4423305588585,2.0,0.0,28837.0,92638.0,0.0,40.536281007793775,1024.2013817741758,53.78653197449343,69544.09251715007
2026-03-13T14:07:25.839829,81596.0,97887.0,100.0,83.0,300.03,33.5909631391201,2.0,0.0,28913.0,92638.0,0.0,40.536281007793775,1024.2013817741758,53.78300678571943,69544.09251715007
2026-03-13T14:07:27.883272,81596.0,97887.0,100.0,83.0,300.05,33.73959571938169,2.0,0.0,28991.0,92638.0,0.0,40.536281007793775,1024.2013817741758,53.779571856713844,69544.09251715007
2026-03-13T14:07:29.919972,81596.0,97887.0,100.0,83.0,300.02,33.88822829964329,2.0,0.0,29069.0,92638.0,0.0,40.536281007793775,1024.2013817741758,53.77618517250758,69544.09251715007
2026-03-13T14:07:31.964284,81596.0,97887.0,100.0,83.0,299.73,18.341260404280625,2.0,0.0,29141.0,92638.0,0.0,38.746087938022676,1024.2013817741758,53.773284408447786,73322.40551710129
2026-03-13T14:07:33.998786,81596.0,97887.0,100.0,86.0,300.32,18.341260404280625,2.0,0.0,29167.0,97455.0,0.0,38.746087938022676,1049.7655109925704,53.82086028629254,73322.40551710129
2026-03-13T14:07:36.034647,81596.0,97887.0,100.0,83.0,299.99,18.51961950059453,2.0,0.0,29247.0,97455.0,0.0,38.746087938022676,1049.7655109925704,53.81283893878525,73322.40551710129
2026-03-13T14:07:38.065030,81596.0,97887.0,100.0,83.0,299.97,18.63852556480381,2.0,0.0,29327.0,97455.0,0.0,38.746087938022676,1049.7655109925704,53.804868456236115,73322.40551710129
2026-03-13T14:07:40.095547,81596.0,97887.0,100.0,83.0,300.01,18.816884661117715,2.0,0.0,29407.0,97455.0,0.0,38.746087938022676,1049.7655109925704,53.797036158584326,73322.40551710129
2026-03-13T14:07:42.127841,81596.0,97887.0,100.0,83.0,300.0,18.935790725326996,2.0,0.0,29487.0,97455.0,0.0,38.746087938022676,1049.7655109925704,53.78886924764968,73322.40551710129
2026-03-13T14:07:44.163623,81596.0,97887.0,100.0,83.0,300.02,19.1141498216409,2.0,0.0,29567.0,97455.0,0.0,38.746087938022676,1049.7655109925704,53.780506380233426,73322.40551710129
2026-03-13T14:07:46.197477,81596.0,97887.0,100.0,83.0,300.03,19.41141498216409,2.0,0.0,29731.0,97455.0,0.0,38.746087938022676,1049.7655109925704,53.76367623131028,73322.40551710129
2026-03-13T14:07:48.233143,81596.0,97887.0,100.0,83.0,299.98,19.560047562425687,2.0,0.0,29811.0,97455.0,0.0,38.746087938022676,1049.7655109925704,53.75594866266077,73322.40551710129
2026-03-13T14:07:50.265686,81596.0,97887.0,100.0,83.0,299.99,19.708680142687275,2.0,0.0,29891.0,97455.0,0.0,38.746087938022676,1049.7655109925704,53.74836351956875,73322.40551710129
2026-03-13T14:07:52.298191,81596.0,97887.0,100.0,84.0,300.07,10.107015457788348,1.0,0.0,29957.0,97455.0,0.0,38.746087938022676,1049.7655109925704,53.74408595015858,70776.59100577945
2026-03-13T14:07:54.331752,81596.0,97887.0,100.0,84.0,300.01,10.196195005945308,1.0,0.0,29993.0,97455.0,0.0,38.746087938022676,1049.7655109925704,53.74695182603176,70776.59100577945
2026-03-13T14:07:56.368855,81596.0,97887.0,100.0,84.0,300.02,10.255648038049936,1.0,0.0,30029.0,97455.0,0.0,38.746087938022676,1049.7655109925704,53.74982406881724,70776.59100577945
2026-03-13T14:07:58.406774,81596.0,97887.0,100.0,84.0,299.97,10.315101070154576,1.0,0.0,30065.0,97455.0,0.0,38.746087938022676,1049.7655109925704,53.7527312264753,70776.59100577945
2026-03-13T14:08:00.441696,81596.0,97887.0,100.0,84.0,300.0,10.404280618311535,1.0,0.0,30102.0,97455.0,0.0,38.746087938022676,1049.7655109925704,53.755701644614334,70776.59100577945
2026-03-13T14:08:02.475147,81596.0,97887.0,100.0,84.0,300.01,10.463733650416174,1.0,0.0,30138.0,97455.0,0.0,38.746087938022676,1049.7655109925704,53.75856396955099,70776.59100577945
2026-03-13T14:08:04.522943,81596.0,97887.0,100.0,84.0,299.98,10.523186682520812,1.0,0.0,30174.0,97455.0,0.0,38.746087938022676,1049.7655109925704,53.761433566197866,70776.59100577945
2026-03-13T14:08:06.560501,81596.0,97887.0,100.0,84.0,300.02,10.582639714625442,1.0,0.0,30211.0,97455.0,0.0,38.746087938022676,1049.7655109925704,53.764449144920334,70776.59100577945
2026-03-13T14:08:08.594041,81596.0,97887.0,100.0,84.0,300.03,10.6718192627824,1.0,0.0,30247.0,97455.0,0.0,38.746087938022676,1049.7655109925704,53.767523064052845,70776.59100577945
2026-03-13T14:08:10.628436,81596.0,97887.0,100.0,84.0,299.99,10.73127229488704,1.0,0.0,30283.0,97455.0,0.0,38.746087938022676,1049.7655109925704,53.77061162942392,70776.59100577945
2026-03-13T14:08:12.664025,81596.0,97887.0,100.0,84.0,300.05,10.79072532699168,1.0,0.0,30319.0,97455.0,0.0,38.746087938022676,1049.7655109925704,53.773718798362815,70776.59100577945
2026-03-13T14:08:14.697531,81596.0,97887.0,100.0,84.0,299.98,10.850178359096319,1.0,0.0,30355.0,97455.0,0.0,38.746087938022676,1049.7655109925704,53.776831509412176,70776.59100577945
2026-03-13T14:08:16.730387,81596.0,97887.0,100.0,84.0,300.0,10.998810939357906,1.0,0.0,30428.0,97455.0,0.0,38.746087938022676,1049.7655109925704,53.78266079855942,70776.59100577945
2026-03-13T14:08:18.762413,81596.0,97887.0,100.0,84.0,299.99,11.058263971462544,1.0,0.0,30464.0,97455.0,0.0,38.746087938022676,1049.7655109925704,53.785605270185854,70776.59100577945
2026-03-13T14:08:20.808582,81596.0,97887.0,100.0,84.0,299.99,11.117717003567185,1.0,0.0,30501.0,97455.0,0.0,38.746087938022676,1049.7655109925704,53.78861255598931,70776.59100577945
2026-03-13T14:08:22.842383,81596.0,97887.0,100.0,84.0,299.98,11.206896551724132,1.0,0.0,30537.0,97455.0,0.0,38.746087938022676,1049.7655109925704,53.79153791610682,70776.59100577945
2026-03-13T14:08:24.876974,81596.0,97887.0,100.0,84.0,300.0,11.266349583828772,1.0,0.0,30573.0,97455.0,0.0,38.746087938022676,1049.7655109925704,53.794699857255054,70776.59100577945
2026-03-13T14:08:26.907488,81596.0,97887.0,100.0,84.0,299.99,11.325802615933412,1.0,0.0,30609.0,97455.0,0.0,38.746087938022676,1049.7655109925704,53.79788220943532,70776.59100577945
2026-03-13T14:08:28.944164,81596.0,97887.0,100.0,84.0,300.02,11.38525564803805,1.0,0.0,30645.0,97455.0,0.0,38.746087938022676,1049.7655109925704,53.80107897397383,70776.59100577945
2026-03-13T14:08:30.983177,81596.0,97887.0,100.0,84.0,300.02,11.47443519619501,1.0,0.0,30681.0,97455.0,0.0,38.746087938022676,1049.7655109925704,53.80430952767538,70776.59100577945
2026-03-13T14:08:33.018718,81596.0,97887.0,100.0,84.0,300.02,11.533888228299638,1.0,0.0,30717.0,97455.0,0.0,38.746087938022676,1049.7655109925704,53.80781023388167,70776.59100577945
2026-03-13T14:08:35.056213,81596.0,97887.0,100.0,84.0,300.05,11.593341260404276,1.0,0.0,30753.0,97455.0,0.0,38.746087938022676,1049.7655109925704,53.81135588975298,70776.59100577945
2026-03-13T14:08:37.088597,81596.0,97887.0,100.0,84.0,300.01,11.652794292508917,1.0,0.0,30788.0,97455.0,0.0,38.746087938022676,1049.7655109925704,53.81478208606895,70776.59100577945
2026-03-13T14:08:39.146076,81596.0,97887.0,100.0,84.0,299.99,11.741973840665876,1.0,0.0,30825.0,97455.0,0.0,38.746087938022676,1049.7655109925704,53.8183876969451,70776.59100577945
2026-03-13T14:08:41.177588,81596.0,97887.0,100.0,84.0,299.94,11.801426872770515,1.0,0.0,30860.0,97455.0,0.0,38.746087938022676,1049.7655109925704,53.82139065597637,70776.59100577945
2026-03-13T14:08:43.210270,81596.0,97887.0,100.0,84.0,300.06,11.860879904875144,1.0,0.0,30896.0,97455.0,0.0,38.746087938022676,1049.7655109925704,53.82448153164476,70776.59100577945
2026-03-13T14:08:45.242322,81596.0,97887.0,100.0,84.0,300.01,11.920332936979783,1.0,0.0,30932.0,97455.0,0.0,38.746087938022676,1049.7655109925704,53.82760140232928,70776.59100577945
2026-03-13T14:08:47.274273,81596.0,97887.0,100.0,86.0,299.94,35.6718192627824,2.0,0.0,31002.0,110154.0,0.0,43.72060932875792,1049.4825529015584,53.859199154911394,70776.59100577945
2026-03-13T14:08:49.315754,81596.0,97887.0,99.0,84.0,299.89,35.820451843044,2.0,0.0,31080.0,110154.0,0.0,43.72060932875792,1049.4825529015584,53.85585325330843,70776.59100577945
2026-03-13T14:08:51.349621,81596.0,97887.0,100.0,83.0,299.98,35.96908442330559,2.0,0.0,31158.0,110154.0,0.0,43.72060932875792,1049.4825529015584,53.852493597623244,70776.59100577945
2026-03-13T14:08:53.387900,81596.0,97887.0,100.0,83.0,300.0,36.087990487514865,2.0,0.0,31236.0,110154.0,0.0,43.72060932875792,1049.4825529015584,53.84918060884871,70776.59100577945
2026-03-13T14:08:55.419358,81596.0,97887.0,100.0,83.0,299.84,36.26634958382877,2.0,0.0,31312.0,110154.0,0.0,43.72060932875792,1049.4825529015584,53.84611125251669,70776.59100577945
2026-03-13T14:08:57.452140,81596.0,97887.0,100.0,83.0,300.06,36.385255648038054,2.0,0.0,31390.0,110154.0,0.0,43.72060932875792,1049.4825529015584,53.84302071654906,70776.59100577945
2026-03-13T14:08:59.489375,81596.0,97887.0,100.0,83.0,299.93,36.53388822829964,2.0,0.0,31468.0,110154.0,0.0,43.72060932875792,1049.4825529015584,53.83999881348375,70776.59100577945
2026-03-13T14:09:01.523475,81596.0,97887.0,100.0,83.0,300.02,36.682520808561236,2.0,0.0,31544.0,110154.0,0.0,43.72060932875792,1049.4825529015584,53.837081804574666,70776.59100577945
2026-03-13T14:09:03.563067,81596.0,97887.0,100.0,83.0,300.03,36.80142687277051,2.0,0.0,31622.0,110154.0,0.0,43.72060932875792,1049.4825529015584,53.834112921105095,70776.59100577945
2026-03-13T14:09:05.599007,81596.0,97887.0,100.0,83.0,299.94,36.979785969084425,2.0,0.0,31700.0,110154.0,0.0,43.72060932875792,1049.4825529015584,53.83137347678116,70776.59100577945
2026-03-13T14:09:07.637012,81596.0,97887.0,100.0,83.0,300.02,37.0986920332937,2.0,0.0,31776.0,110154.0,0.0,43.72060932875792,1049.4825529015584,53.82880417346377,70776.59100577945
2026-03-13T14:09:09.671476,81596.0,97887.0,100.0,83.0,299.94,37.247324613555286,2.0,0.0,31854.0,110154.0,0.0,43.72060932875792,1049.4825529015584,53.82625116414814,70776.59100577945
2026-03-13T14:09:11.711574,81596.0,97887.0,100.0,83.0,299.99,37.39595719381688,2.0,0.0,31930.0,110154.0,0.0,43.72060932875792,1049.4825529015584,53.82388313028491,70776.59100577945
2026-03-13T14:09:13.760010,81596.0,97887.0,100.0,83.0,299.94,37.544589774078474,2.0,0.0,32008.0,110154.0,0.0,43.72060932875792,1049.4825529015584,53.82128430883219,70776.59100577945
2026-03-13T14:09:15.792753,81596.0,97887.0,100.0,83.0,299.99,37.81212841854935,2.0,0.0,32164.0,110154.0,0.0,43.72060932875792,1049.4825529015584,53.81623360368358,70776.59100577945
2026-03-13T14:09:17.825419,81596.0,97887.0,100.0,83.0,300.01,37.99048751486326,2.0,0.0,32242.0,110154.0,0.0,43.72060932875792,1049.4825529015584,53.81385216288516,70776.59100577945
2026-03-13T14:09:19.858339,81596.0,97887.0,100.0,83.0,299.95,38.10939357907254,2.0,0.0,32318.0,110154.0,0.0,43.72060932875792,1049.4825529015584,53.81154094893948,70776.59100577945
2026-03-13T14:09:21.899704,81596.0,97887.0,100.0,83.0,300.02,38.25802615933412,2.0,0.0,32396.0,110154.0,0.0,43.72060932875792,1049.4825529015584,53.80910151459532,70776.59100577945
2026-03-13T14:09:23.932888,81596.0,97887.0,100.0,83.0,299.93,38.40665873959572,2.0,0.0,32472.0,110154.0,0.0,43.72060932875792,1049.4825529015584,53.80680585324661,70776.59100577945
2026-03-13T14:09:25.967177,81596.0,97887.0,100.0,83.0,300.01,38.52556480380499,2.0,0.0,32550.0,110154.0,0.0,43.72060932875792,1049.4825529015584,53.80458423740262,70776.59100577945
2026-03-13T14:09:27.997890,81596.0,97887.0,100.0,83.0,300.01,38.70392390011891,2.0,0.0,32626.0,110154.0,0.0,43.72060932875792,1049.4825529015584,53.802435628316225,70776.59100577945
2026-03-13T14:09:30.036889,81596.0,97887.0,100.0,83.0,299.95,38.82282996432818,2.0,0.0,32704.0,110154.0,0.0,43.72060932875792,1049.4825529015584,53.80014920204391,70776.59100577945
2026-03-13T14:09:32.071347,81596.0,97887.0,100.0,83.0,300.01,38.97146254458978,2.0,0.0,32780.0,110154.0,0.0,43.72060932875792,1049.4825529015584,53.79783052892496,70776.59100577945
2026-03-13T14:09:34.107063,81596.0,97887.0,100.0,83.0,299.95,39.120095124851375,2.0,0.0,32858.0,110154.0,0.0,43.72060932875792,1049.4825529015584,53.795586629511064,70776.59100577945
2026-03-13T14:09:36.147616,81596.0,97887.0,100.0,83.0,299.98,39.23900118906064,2.0,0.0,32934.0,110154.0,0.0,43.72060932875792,1049.4825529015584,53.79342473246023,70776.59100577945
2026-03-13T14:09:38.194190,81596.0,97887.0,100.0,83.0,300.0,39.417360285374556,2.0,0.0,33012.0,110154.0,0.0,43.72060932875792,1049.4825529015584,53.79205905459386,70776.59100577945
2026-03-13T14:09:40.230465,81596.0,97887.0,100.0,83.0,299.95,39.536266349583826,2.0,0.0,33088.0,110154.0,0.0,43.72060932875792,1049.4825529015584,53.79097752802053,70776.59100577945
2026-03-13T14:09:42.262448,81596.0,97887.0,100.0,83.0,299.97,39.684898929845424,2.0,0.0,33164.0,110154.0,0.0,43.72060932875792,1049.4825529015584,53.78992816354365,70776.59100577945
2026-03-13T14:09:44.293884,81596.0,97887.0,100.0,83.0,300.01,39.833531510107015,2.0,0.0,33240.0,110154.0,0.0,43.72060932875792,1049.4825529015584,53.78889567781548,70776.59100577945
2026-03-13T14:09:46.326040,81596.0,97887.0,100.0,83.0,299.99,40.1307966706302,2.0,0.0,33398.0,110154.0,0.0,43.72060932875792,1049.4825529015584,53.785790751400626,70776.59100577945
2026-03-13T14:09:48.362911,81596.0,97887.0,100.0,83.0,299.98,14.3281807372176,1.0,0.0,33474.0,110154.0,0.0,43.72060932875792,1049.4825529015584,53.784270643687655,70407.82245722684
2026-03-13T14:09:50.398597,81596.0,97887.0,100.0,86.0,300.38,23.573127229488698,2.0,0.0,33492.0,115099.0,0.0,42.022954152512185,1073.6342171827953,53.828055005139056,70407.82245722684
2026-03-13T14:09:52.431951,81596.0,97887.0,100.0,83.0,300.05,23.7217598097503,2.0,0.0,33572.0,115099.0,0.0,42.022954152512185,1073.6342171827953,53.82237056188142,70407.82245722684
2026-03-13T14:09:54.463258,81596.0,97887.0,100.0,83.0,300.03,23.870392390011887,2.0,0.0,33650.0,115099.0,0.0,42.022954152512185,1073.6342171827953,53.81671320478185,70407.82245722684
2026-03-13T14:09:56.504496,81596.0,97887.0,100.0,83.0,300.08,23.989298454221164,2.0,0.0,33730.0,115099.0,0.0,42.022954152512185,1073.6342171827953,53.810913085860065,70407.82245722684
2026-03-13T14:09:58.550524,81596.0,97887.0,100.0,83.0,300.0,19.20332936979786,2.0,0.0,33786.0,115099.0,0.0,40.303671437461105,1073.6342171827953,53.8069847693856,74411.70720432117
2026-03-13T14:10:00.585928,81596.0,97887.0,100.0,83.0,299.99,19.262782401902502,2.0,0.0,33824.0,120525.0,0.0,40.303671437461105,1100.666732788086,53.851535408236764,74411.70720432117
2026-03-13T14:10:02.628004,81596.0,97887.0,100.0,83.0,300.02,19.41141498216409,2.0,0.0,33904.0,120525.0,0.0,40.303671437461105,1100.666732788086,53.84490005386807,74411.70720432117
2026-03-13T14:10:04.675446,81596.0,97887.0,100.0,83.0,299.99,19.560047562425687,2.0,0.0,33984.0,120525.0,0.0,40.303671437461105,1100.666732788086,53.83837983347547,74411.70720432117
2026-03-13T14:10:06.718193,81596.0,97887.0,100.0,83.0,299.98,19.708680142687275,2.0,0.0,34064.0,120525.0,0.0,40.303671437461105,1100.666732788086,53.83188231231802,74411.70720432117
2026-03-13T14:10:08.778429,81596.0,97887.0,100.0,83.0,299.99,19.88703923900119,2.0,0.0,34146.0,120525.0,0.0,40.303671437461105,1100.666732788086,53.82522807564236,74411.70720432117
2026-03-13T14:10:10.812765,81596.0,97887.0,100.0,83.0,300.05,10.493460166468493,1.0,0.0,34213.0,120525.0,0.0,40.303671437461105,1100.666732788086,53.82115190575626,72220.78557809193
2026-03-13T14:10:12.846689,81596.0,97887.0,100.0,83.0,299.96,10.582639714625442,1.0,0.0,34249.0,120525.0,0.0,40.303671437461105,1100.666732788086,53.823603782550045,72220.78557809193
2026-03-13T14:10:14.878349,81596.0,97887.0,100.0,83.0,299.97,10.64209274673008,1.0,0.0,34285.0,120525.0,0.0,40.303671437461105,1100.666732788086,53.826072705603984,72220.78557809193
2026-03-13T14:10:16.945302,81596.0,97887.0,0.0,83.0,220.98,0.0,0.0,0.0,34351.0,120525.0,0.0,40.303671437461105,1100.666732788086,53.830555764609784,70073.45533370972
2026-03-13T14:10:18.979045,81596.0,97887.0,0.0,80.0,103.39,0.0,0.0,0.0,34351.0,120525.0,0.0,40.303671437461105,1100.666732788086,53.830555764609784,70073.45533370972
2026-03-13T14:10:21.009051,81596.0,97887.0,0.0,78.0,57.1,0.0,0.0,0.0,34351.0,120525.0,0.0,40.303671437461105,1100.666732788086,53.830555764609784,70073.45533370972
2026-03-13T14:10:23.049392,81596.0,97887.0,0.0,76.0,51.72,0.0,0.0,0.0,34351.0,120525.0,0.0,40.303671437461105,1100.666732788086,53.830555764609784,70073.45533370972
2026-03-13T14:10:25.082035,81596.0,97887.0,0.0,75.0,29.17,0.0,0.0,0.0,34351.0,120525.0,0.0,40.303671437461105,1100.666732788086,53.830555764609784,70073.45533370972
2026-03-13T14:10:27.117392,81596.0,97887.0,0.0,73.0,28.16,0.0,0.0,0.0,34351.0,120525.0,0.0,40.303671437461105,1100.666732788086,53.830555764609784,70073.45533370972
2026-03-13T14:10:29.155435,81596.0,97887.0,0.0,72.0,27.5,0.0,0.0,0.0,34351.0,120525.0,0.0,40.303671437461105,1100.666732788086,53.830555764609784,70073.45533370972
2026-03-13T14:10:31.206938,81596.0,97887.0,0.0,71.0,27.51,0.0,0.0,0.0,34351.0,120525.0,0.0,40.303671437461105,1100.666732788086,53.830555764609784,70073.45533370972
2026-03-13T14:10:33.263679,81596.0,97887.0,0.0,70.0,27.1,0.0,0.0,0.0,34351.0,120525.0,0.0,40.303671437461105,1100.666732788086,53.830555764609784,70073.45533370972
2026-03-13T14:10:35.297041,81596.0,97887.0,0.0,69.0,26.96,0.0,0.0,0.0,34351.0,120525.0,0.0,40.303671437461105,1100.666732788086,53.830555764609784,70073.45533370972
2026-03-13T14:10:37.331523,81596.0,97887.0,0.0,68.0,26.61,0.0,0.0,0.0,34351.0,120525.0,0.0,40.303671437461105,1100.666732788086,53.830555764609784,70073.45533370972
2026-03-13T14:10:39.370055,81596.0,97887.0,0.0,68.0,26.0,0.0,0.0,0.0,34351.0,120525.0,0.0,40.303671437461105,1100.666732788086,53.830555764609784,70073.45533370972
2026-03-13T14:10:41.404498,81596.0,97887.0,0.0,67.0,25.6,0.0,0.0,0.0,34351.0,120525.0,0.0,40.303671437461105,1100.666732788086,53.830555764609784,70073.45533370972
2026-03-13T14:10:43.440258,81596.0,97887.0,0.0,67.0,25.19,0.0,0.0,0.0,34351.0,120525.0,0.0,40.303671437461105,1100.666732788086,53.830555764609784,70073.45533370972
2026-03-13T14:10:45.477598,81596.0,97887.0,0.0,66.0,24.32,0.0,0.0,0.0,34351.0,120525.0,0.0,40.303671437461105,1100.666732788086,53.830555764609784,70073.45533370972
2026-03-13T14:10:47.510564,81596.0,97887.0,0.0,65.0,23.3,0.0,0.0,0.0,34351.0,120525.0,0.0,40.303671437461105,1100.666732788086,53.830555764609784,70073.45533370972
2026-03-13T14:10:49.550753,81596.0,97887.0,0.0,64.0,23.19,0.0,0.0,0.0,34351.0,120525.0,0.0,40.303671437461105,1100.666732788086,53.830555764609784,70073.45533370972
2026-03-13T14:10:51.585702,81596.0,97887.0,0.0,64.0,22.8,0.0,0.0,0.0,34351.0,120525.0,0.0,40.303671437461105,1100.666732788086,53.830555764609784,70073.45533370972
2026-03-13T14:10:53.623217,81596.0,97887.0,0.0,63.0,22.54,0.0,0.0,0.0,34351.0,120525.0,0.0,40.303671437461105,1100.666732788086,53.830555764609784,70073.45533370972
2026-03-13T14:10:55.656762,81596.0,97887.0,0.0,63.0,22.01,0.0,0.0,0.0,34351.0,120525.0,0.0,40.303671437461105,1100.666732788086,53.830555764609784,70073.45533370972
2026-03-13T14:10:57.693115,81596.0,97887.0,0.0,62.0,21.86,0.0,0.0,0.0,34351.0,120525.0,0.0,40.303671437461105,1100.666732788086,53.830555764609784,70073.45533370972
2026-03-13T14:10:59.726887,81596.0,97887.0,0.0,62.0,21.2,0.0,0.0,0.0,34351.0,120525.0,0.0,40.303671437461105,1100.666732788086,53.830555764609784,70073.45533370972
