timestamp,gpu_mem_used_mb,gpu_mem_total_mb,gpu_util_pct,gpu_temp_c,gpu_power_w,kv_cache_pct,requests_running,requests_waiting,gen_tokens_total,prompt_tokens_total,preemptions,prefix_cache_hit_rate,ttft_avg_ms,itl_avg_ms,e2e_avg_ms,cpu_mem_rss_mb,cpu_mem_rss_peak_mb,cpu_mem_vms_mb,host_mem_used_mb,host_mem_total_mb,weight_mem_gib,kv_cache_capacity_gib,kv_mem_used_gib,kv_to_weight_ratio,kv_bytes_per_token,tokens_in_flight
2026-04-30T16:18:33.019563,24524.0,97887.0,0.0,45.0,92.83,0.0,0.0,0.0,0.0,0.0,0.0,0,0,0,0,4130.41015625,4130.41015625,174304.3828125,7925.51171875,160970.03125,9.38,0,0,0.0,0,0
2026-04-30T16:18:34.053730,24524.0,97887.0,0.0,44.0,67.78,0.0,0.0,0.0,0.0,0.0,0.0,0,0,0,0,4130.41015625,4130.41015625,174304.3828125,8219.1640625,160970.03125,9.38,0,0,0.0,0,0
2026-04-30T16:18:35.088232,24524.0,97887.0,0.0,43.0,54.96,0.0,0.0,0.0,0.0,0.0,0.0,0,0,0,0,4130.41015625,4130.41015625,174304.3828125,8315.25390625,160970.03125,9.38,0,0,0.0,0,0
2026-04-30T16:18:36.122693,24524.0,97887.0,0.0,43.0,41.59,0.0,0.0,0.0,0.0,0.0,0.0,0,0,0,0,4130.41015625,4130.41015625,174304.3828125,8431.56640625,160970.03125,9.38,0,0,0.0,0,0
2026-04-30T16:18:37.155397,24524.0,97887.0,0.0,43.0,40.5,0.0,0.0,0.0,0.0,0.0,0.0,0,0,0,0,4130.41015625,4130.41015625,174304.3828125,8531.6015625,160970.03125,9.38,0,0,0.0,0,0
2026-04-30T16:18:38.188394,24524.0,97887.0,0.0,43.0,40.21,0.0,0.0,0.0,0.0,0.0,0.0,0,0,0,0,4130.41015625,4130.41015625,174304.3828125,8616.4765625,160970.03125,9.38,0,0,0.0,0,0
2026-04-30T16:18:39.224093,24524.0,97887.0,0.0,43.0,39.9,0.0,0.0,0.0,0.0,0.0,0.0,0,0,0,0,4130.41015625,4130.41015625,174304.3828125,9133.546875,160970.03125,9.38,0,0,0.0,0,0
2026-04-30T16:18:40.257261,24524.0,97887.0,0.0,42.0,10.51,0.0,0.0,0.0,0.0,0.0,0.0,0,0,0,0,4130.41015625,4130.41015625,174304.3828125,9876.23828125,160970.03125,9.38,0,0,0.0,0,0
2026-04-30T16:18:41.311550,24524.0,97887.0,0.0,42.0,9.55,0.0,0.0,0.0,0.0,0.0,0.0,0,0,0,0,4130.41015625,4130.41015625,174304.3828125,9580.80078125,160970.03125,9.38,0,0,0.0,0,0
2026-04-30T16:18:42.345519,24526.0,97887.0,100.0,42.0,109.58,0.0,0.0,0.0,0.0,0.0,0.0,0,0,0,0,4309.41015625,4309.41015625,174496.83203125,9670.109375,160970.03125,9.38,0,0,0.0,0,0
2026-04-30T16:18:43.386348,24526.0,97887.0,100.0,49.0,292.44,0.0,0.0,0.0,0.0,0.0,0.0,0,0,0,0,4362.03125,4362.03125,174529.66796875,9702.83203125,160970.03125,9.38,0,0,0.0,0,0
2026-04-30T16:18:44.421018,24526.0,97887.0,0.0,44.0,106.03,0.0,0.0,0.0,0.0,0.0,0.0,0,0,0,0,4464.28125,4464.28125,174657.4140625,9786.62890625,160970.03125,9.38,0,0,0.0,0,0
2026-04-30T16:18:45.458058,24526.0,97887.0,0.0,44.0,65.92,0.0,0.0,0.0,0.0,0.0,0.0,0,0,0,0,4607.78125,4607.78125,174796.3125,9934.9921875,160970.03125,9.38,0,0,0.0,0,0
2026-04-30T16:18:46.491854,24528.0,97887.0,100.0,49.0,178.48,29.689331770222736,64.0,0.0,37.0,7523.0,0.0,0.0,4186.300655206044,21.23184595257044,0,4387.78125,4607.78125,174550.96875,9731.16796875,160970.03125,9.38,0,0,0.0,0,0
2026-04-30T16:18:47.532994,24528.0,97887.0,100.0,50.0,299.95,30.45134818288394,63.0,0.0,416.0,15766.0,0.0,0.0,4619.789339945867,195.6664771932785,5583.867947260539,4387.78125,4607.78125,174551.0,9727.171875,160970.03125,9.38,0,0,0.0,0,0
2026-04-30T16:18:48.568965,24528.0,97887.0,100.0,52.0,299.99,29.71864009378663,64.0,0.0,915.0,18546.0,0.0,0.0,4208.233429325952,160.39571646407074,5990.246613820394,4387.78125,4607.78125,174550.96875,9729.015625,160970.03125,9.38,0,0,0.0,0,0
2026-04-30T16:18:49.608468,24528.0,97887.0,100.0,51.0,299.99,27.198124267291913,60.0,0.0,1612.0,19201.0,0.0,0.0,4003.849616176204,130.458031249456,5922.917261719704,4387.78125,4607.78125,174550.96875,9739.296875,160970.03125,9.38,0,0,0.0,0,0
2026-04-30T16:18:50.640483,24528.0,97887.0,100.0,52.0,300.07,26.494724501758505,62.0,0.0,2175.0,20310.0,0.0,0.0,3735.656217830937,123.29687798807127,5718.0804638635545,4387.78125,4607.78125,174550.96875,9722.96875,160970.03125,9.38,0,0,0.0,0,0
2026-04-30T16:18:51.680090,24528.0,97887.0,100.0,52.0,299.98,26.992966002344666,63.0,0.0,2868.0,21249.0,0.0,0.0,3539.6099501642684,116.89867345252952,6007.202243804932,4388.03125,4607.78125,174622.98828125,9723.734375,160970.03125,9.38,0,0,0.0,0,0
2026-04-30T16:18:52.710425,24528.0,97887.0,100.0,53.0,300.03,27.52051582649473,62.0,0.0,3630.0,21762.0,0.0,0.0,3396.464628177685,111.49255696689846,5836.054843047569,4388.03125,4607.78125,174622.98828125,9722.73046875,160970.03125,9.38,0,0,0.0,0,0
2026-04-30T16:18:53.743305,24528.0,97887.0,100.0,54.0,299.97,28.3704572098476,64.0,0.0,4393.0,21868.0,0.0,0.0,3296.3802738392606,107.02645393989886,5725.716845194499,4388.03125,4607.78125,174622.98828125,9725.19140625,160970.03125,9.38,0,0,0.0,0,0
2026-04-30T16:18:54.775893,24528.0,97887.0,100.0,54.0,299.99,29.86518171160609,64.0,0.0,5093.0,22230.0,0.0,0.0,3264.903951946058,104.48176216686007,6164.1696989536285,4388.28125,4607.78125,174622.98828125,9726.69921875,160970.03125,9.38,0,0,0.0,0,0
2026-04-30T16:18:55.807869,24528.0,97887.0,100.0,55.0,300.01,30.45134818288394,64.0,0.0,5791.0,22944.0,0.0,0.0,3145.2518906256164,103.48642677252701,6284.329979760306,4388.28125,4607.78125,174622.98828125,9719.8984375,160970.03125,9.38,0,0,0.0,0,0
2026-04-30T16:18:56.837494,24528.0,97887.0,100.0,55.0,299.97,32.97186400937866,64.0,0.0,6489.0,23260.0,0.0,0.0,3116.7427945137024,101.84029045669169,6614.2486710297435,4388.28125,4607.78125,174622.98828125,9718.4453125,160970.03125,9.38,0,0,0.0,0,0
2026-04-30T16:18:57.867207,24528.0,97887.0,100.0,57.0,300.0,33.29425556858148,64.0,0.0,7059.0,25495.0,0.0,0.0,2986.136556807018,103.50688354664219,6330.304419122091,4388.28125,4607.78125,174622.98828125,9716.74609375,160970.03125,9.38,0,0,0.0,0,0
2026-04-30T16:18:58.897789,24528.0,97887.0,100.0,57.0,299.99,34.43728018757327,63.0,0.0,7758.0,26038.0,0.0,0.0,2935.879829888032,102.59206815516815,6340.4002460566435,4388.28125,4607.78125,174622.98828125,9713.20703125,160970.03125,9.38,0,0,0.0,0,0
2026-04-30T16:18:59.929238,24528.0,97887.0,100.0,57.0,299.98,33.11840562719812,64.0,0.0,8451.0,26192.0,0.0,0.0,2816.856731261526,101.57605455597519,6838.768024833835,4388.28125,4607.78125,174622.98828125,9716.09765625,160970.03125,9.38,0,0,0.0,0,0
2026-04-30T16:19:00.959113,24528.0,97887.0,100.0,58.0,299.99,33.08909730363423,64.0,0.0,9217.0,26366.0,0.0,0.0,2772.2272391904867,100.41030386789967,7069.266090393066,4388.28125,4607.78125,174622.98828125,9715.08203125,160970.03125,9.38,0,0,0.0,0,0
2026-04-30T16:19:01.990262,24528.0,97887.0,100.0,58.0,300.03,32.50293083235639,64.0,0.0,9979.0,26509.0,0.0,0.0,2708.208495735103,99.4918439404664,7333.663049733864,4388.28125,4607.78125,174622.97265625,9718.2890625,160970.03125,9.38,0,0,0.0,0,0
2026-04-30T16:19:03.022025,24528.0,97887.0,100.0,60.0,300.02,34.55451348182884,64.0,0.0,10615.0,27285.0,0.0,0.0,2668.0001070519456,99.36659391366736,7656.29772272977,4388.53125,4607.78125,174622.97265625,9715.8515625,160970.03125,9.38,0,0,0.0,0,0
2026-04-30T16:19:04.051659,24528.0,97887.0,100.0,60.0,299.97,34.3200468933177,63.0,0.0,11248.0,28504.0,0.0,0.0,2610.2882955895093,99.70599276586813,7812.990257295512,4388.53125,4607.78125,174622.97265625,9715.22265625,160970.03125,9.38,0,0,0.0,0,0
2026-04-30T16:19:05.085635,24528.0,97887.0,100.0,60.0,299.98,36.04923798358733,64.0,0.0,12013.0,28805.0,0.0,0.0,2573.0839256317386,99.09361955460827,7956.841997305552,4388.53125,4607.78125,174622.97265625,9712.36328125,160970.03125,9.38,0,0,0.0,0,0
2026-04-30T16:19:06.115585,24528.0,97887.0,100.0,60.0,300.0,37.66119577960141,64.0,0.0,12645.0,29716.0,0.0,0.0,2503.957027569413,99.10495855990209,8628.540962934494,4388.53125,4607.78125,174622.97265625,9713.79296875,160970.03125,9.38,0,0,0.0,0,0
2026-04-30T16:19:07.146660,24528.0,97887.0,100.0,61.0,299.99,36.54747948417351,64.0,0.0,13341.0,29820.0,0.0,0.0,2436.3394885352163,98.62675887835411,9361.388806034536,4388.53125,4607.78125,174622.97265625,9710.515625,160970.03125,9.38,0,0,0.0,0,0
2026-04-30T16:19:08.177020,24528.0,97887.0,100.0,61.0,300.02,37.57327080890973,63.0,0.0,14108.0,29820.0,0.0,0.0,2436.3394885352163,97.91195461024718,9607.375677081121,4388.53125,4607.78125,174622.97265625,9712.4921875,160970.03125,9.38,0,0,0.0,0,0
2026-04-30T16:19:09.208128,24528.0,97887.0,100.0,62.0,299.95,38.15943728018757,63.0,0.0,14740.0,30929.0,0.0,0.0,2373.640898395987,98.2212643614961,10226.113975864568,4388.53125,4607.78125,174622.97265625,9711.25390625,160970.03125,9.38,0,0,0.0,0,0
2026-04-30T16:19:10.238047,24528.0,97887.0,100.0,62.0,300.03,38.10082063305978,64.0,0.0,15501.0,31032.0,0.0,0.0,2313.1069779396057,97.59954786441567,10300.848913820166,4388.53125,4607.78125,174622.97265625,9716.7578125,160970.03125,9.38,0,0,0.0,0,0
2026-04-30T16:19:11.268670,24528.0,97887.0,100.0,63.0,299.95,36.811254396248536,64.0,0.0,16197.0,31597.0,0.0,0.0,2270.4563324268047,97.35052880447576,10477.977073192596,4388.53125,4607.78125,174622.97265625,9710.19921875,160970.03125,9.38,0,0,0.0,0,0
2026-04-30T16:19:12.298745,24528.0,97887.0,100.0,63.0,299.97,38.305978898007034,64.0,0.0,16965.0,31953.0,0.0,0.0,2256.889490617646,96.94757327654106,10477.977073192596,4388.53125,4607.78125,174622.97265625,9704.81640625,160970.03125,9.38,0,0,0.0,0,0
2026-04-30T16:19:13.328585,24528.0,97887.0,99.0,64.0,299.8,37.74912075029309,63.0,0.0,17663.0,32556.0,0.0,0.0,2230.1115091532874,96.8242948155385,10939.528039523533,4388.78125,4607.78125,174622.97265625,9707.609375,160970.03125,9.38,0,0,0.0,0,0
2026-04-30T16:19:14.362408,24528.0,97887.0,100.0,64.0,300.06,38.24736225087925,63.0,0.0,18363.0,32898.0,0.0,0.0,2191.4811326353342,96.59350632356869,11433.906336163365,4388.78125,4607.78125,174622.97265625,9711.6171875,160970.03125,9.38,0,0,0.0,0,0
2026-04-30T16:19:15.392296,24528.0,97887.0,100.0,65.0,300.02,39.83001172332943,64.0,0.0,19125.0,33308.0,0.0,0.0,2153.943154372667,96.3716263719811,11256.108739159323,4388.78125,4607.78125,174622.97265625,9711.13671875,160970.03125,9.38,0,0,0.0,0,0
2026-04-30T16:19:16.423572,24528.0,97887.0,100.0,65.0,299.97,40.79718640093787,64.0,0.0,19891.0,33359.0,0.0,0.0,2141.597761827357,95.98743998781428,11148.550821154306,4388.78125,4607.78125,174622.97265625,9712.890625,160970.03125,9.38,0,0,0.0,0,0
2026-04-30T16:19:17.453288,24528.0,97887.0,100.0,66.0,299.96,40.00586166471278,64.0,0.0,20587.0,33714.0,0.0,0.0,2094.3111811473873,95.85598900083272,11296.791666297504,4388.78125,4607.78125,174622.97265625,9710.88671875,160970.03125,9.38,0,0,0.0,0,0
2026-04-30T16:19:18.487111,24528.0,97887.0,100.0,66.0,300.01,38.305978898007034,60.0,0.0,21282.0,34102.0,0.0,0.0,2060.4849338531494,95.73473683556915,11599.39028263092,4388.78125,4607.78125,174622.97265625,9716.9296875,160970.03125,9.38,0,0,0.0,0,0
2026-04-30T16:19:19.519854,24528.0,97887.0,100.0,67.0,299.98,41.03165298944901,64.0,0.0,21849.0,35672.0,0.0,0.0,1999.2590352713344,96.15884885722834,11895.448944147896,4388.78125,4607.78125,174622.97265625,9703.01171875,160970.03125,9.38,0,0,0.0,0,0
2026-04-30T16:19:20.549993,24528.0,97887.0,100.0,67.0,300.03,41.471277842907384,64.0,0.0,22611.0,35742.0,0.0,0.0,1968.670534664357,95.90080823157496,11678.093519664946,4388.78125,4607.78125,174622.97265625,9695.30859375,160970.03125,9.38,0,0,0.0,0,0
2026-04-30T16:19:21.579873,24528.0,97887.0,100.0,67.0,300.03,42.81946072684642,64.0,0.0,23379.0,35742.0,0.0,0.0,1968.670534664357,95.59809671128713,11678.093519664946,4388.78125,4607.78125,174622.97265625,9700.39453125,160970.03125,9.38,0,0,0.0,0,0
2026-04-30T16:19:22.612034,24528.0,97887.0,100.0,68.0,299.94,43.90386869871043,64.0,0.0,24015.0,36377.0,0.0,0.0,1949.7866714209842,95.65273459910215,12050.384296435062,4388.78125,4607.78125,174622.97265625,9700.4375,160970.03125,9.38,0,0,0.0,0,0
2026-04-30T16:19:23.642921,24528.0,97887.0,100.0,68.0,300.0,43.49355216881594,61.0,0.0,24716.0,36377.0,0.0,0.0,1949.7866714209842,95.40791214329629,12186.31283227388,4389.03125,4607.78125,174622.97265625,9700.1953125,160970.03125,9.38,0,0,0.0,0,0
2026-04-30T16:19:24.675377,24528.0,97887.0,100.0,68.0,300.05,45.04689331770223,64.0,0.0,25411.0,37550.0,0.0,0.0,1905.4968695748935,95.68422690047244,12393.904789359169,4389.03125,4607.78125,174622.97265625,9700.94140625,160970.03125,9.38,0,0,0.0,0,0
2026-04-30T16:19:25.706561,24528.0,97887.0,100.0,69.0,299.92,45.339976553341145,64.0,0.0,25975.0,38358.0,0.0,0.0,1870.2570133739048,95.86854663289928,12451.256922313145,4389.03125,4607.78125,174622.97265625,9702.19140625,160970.03125,9.38,0,0,0.0,0,0
2026-04-30T16:19:26.737391,24528.0,97887.0,100.0,69.0,299.98,45.86752637749121,64.0,0.0,26677.0,39235.0,0.0,0.0,1837.3706003893976,95.98365498176399,12719.507948557537,4389.03125,4607.78125,174622.97265625,9700.99609375,160970.03125,9.38,0,0,0.0,0,0
2026-04-30T16:19:27.770405,24528.0,97887.0,100.0,70.0,299.96,47.508792497069166,64.0,0.0,27377.0,39615.0,0.0,0.0,1820.7997929665348,95.9504850119625,12642.100609716823,4389.03125,4607.78125,174622.97265625,9706.46484375,160970.03125,9.38,0,0,0.0,0,0
2026-04-30T16:19:28.801616,24528.0,97887.0,100.0,70.0,300.05,47.68464243845252,64.0,0.0,28079.0,39733.0,0.0,0.0,1812.5718455901122,95.80810237119707,12680.963541434065,4389.03125,4607.78125,174622.97265625,9705.09765625,160970.03125,9.38,0,0,0.0,0,0
2026-04-30T16:19:29.837884,24528.0,97887.0,100.0,70.0,299.94,46.21922626025792,62.0,0.0,28844.0,39740.0,0.0,0.0,1804.3652963131033,95.63579179269186,13286.296632554797,4389.03125,4607.78125,174622.97265625,9710.36328125,160970.03125,9.38,0,0,0.0,0,0
2026-04-30T16:19:30.868795,24528.0,97887.0,100.0,71.0,299.98,48.06565064478312,64.0,0.0,29413.0,41039.0,0.0,0.0,1774.1437715788682,95.98369233701312,13444.764671847224,4389.03125,4607.78125,174622.97265625,9711.4921875,160970.03125,9.38,0,0,0.0,0,0
2026-04-30T16:19:31.901873,24528.0,97887.0,100.0,71.0,300.0,48.856975381008205,64.0,0.0,30113.0,41552.0,0.0,0.0,1759.352889257608,95.97384199542176,13549.473359034611,4389.03125,4607.78125,174622.97265625,9710.9609375,160970.03125,9.38,0,0,0.0,0,0
2026-04-30T16:19:32.934559,24528.0,97887.0,100.0,71.0,299.95,49.38452520515827,62.0,0.0,30751.0,41552.0,0.0,0.0,1759.352889257608,95.8248362798203,13526.724116246503,4389.28125,4607.78125,174622.97265625,9707.3359375,160970.03125,9.38,0,0,0.0,0,0
2026-04-30T16:19:33.964365,24528.0,97887.0,100.0,72.0,300.02,50.175849941383355,64.0,0.0,31311.0,43601.0,0.0,0.0,1706.0019851911186,96.38632048097182,13596.340344106551,4389.28125,4607.78125,174622.97265625,9705.9375,160970.03125,9.38,0,0,0.0,0,0
2026-04-30T16:19:34.994204,24528.0,97887.0,100.0,72.0,300.03,49.208675263774914,64.0,0.0,32007.0,43692.0,0.0,0.0,1685.1430765012417,96.30865245787335,13991.511426605544,4389.28125,4607.78125,174622.97265625,9711.4375,160970.03125,9.38,0,0,0.0,0,0
2026-04-30T16:19:36.024829,24528.0,97887.0,100.0,72.0,299.92,49.941383352872215,64.0,0.0,32709.0,43861.0,0.0,0.0,1664.9966813050783,96.24078183626342,14029.460296034813,4389.28125,4607.78125,174622.97265625,9710.125,160970.03125,9.38,0,0,0.0,0,0
2026-04-30T16:19:37.055322,24528.0,97887.0,100.0,73.0,299.98,49.325908558030484,64.0,0.0,33275.0,45235.0,0.0,0.0,1640.4362422115398,96.54175311680203,14369.48079070789,4389.53125,4607.78125,174622.97265625,9711.21875,160970.03125,9.38,0,0,0.0,0,0
2026-04-30T16:19:38.085259,24528.0,97887.0,100.0,73.0,300.01,48.124267291910904,63.0,0.0,33836.0,46445.0,0.0,0.0,1594.6947509592228,96.80109696757543,14416.571229886096,4389.53125,4607.78125,174622.97265625,9708.2734375,160970.03125,9.38,0,0,0.0,0,0
2026-04-30T16:19:39.115637,24528.0,97887.0,100.0,74.0,299.98,48.944900351699886,63.0,0.0,34338.0,48541.0,0.0,0.0,1573.344433946269,97.31644833328426,14657.100132953972,4389.53125,4607.78125,174622.97265625,9709.11328125,160970.03125,9.38,0,0,0.0,0,0
2026-04-30T16:19:40.145431,24528.0,97887.0,100.0,73.0,300.0,49.00351699882767,63.0,0.0,34975.0,49025.0,0.0,0.0,1557.0597102463507,97.34610996619902,14767.765952319634,4389.53125,4607.78125,174622.97265625,9711.83203125,160970.03125,9.38,0,0,0.0,0,0
2026-04-30T16:19:41.174099,24528.0,97887.0,100.0,74.0,300.03,47.18640093786636,63.0,0.0,35672.0,49299.0,0.0,0.0,1540.5439791472063,97.30580353219825,14889.911378929002,4389.53125,4607.78125,174622.97265625,9709.2734375,160970.03125,9.38,0,0,0.0,0,0
2026-04-30T16:19:42.203568,24528.0,97887.0,100.0,74.0,299.94,47.039859320046894,63.0,0.0,36306.0,50439.0,0.0,0.0,1524.7786976237155,97.42719628520153,15461.557339219486,4389.53125,4607.78125,174622.97265625,9713.04296875,160970.03125,9.38,0,0,0.0,0,0
2026-04-30T16:19:43.234349,24528.0,97887.0,100.0,74.0,299.94,47.889800703399764,64.0,0.0,37005.0,50972.0,0.0,0.0,1509.5531950562686,97.3960088868314,15321.336115515509,4389.53125,4607.78125,174622.97265625,9712.4375,160970.03125,9.38,0,0,0.0,0,0
2026-04-30T16:19:44.264792,24528.0,97887.0,100.0,75.0,300.01,45.076201641266124,62.0,0.0,37702.0,51421.0,0.0,0.0,1494.6025694763312,97.34127811923902,15277.946359020169,4389.53125,4607.78125,174623.00390625,9716.125,160970.03125,9.38,0,0,0.0,0,0
2026-04-30T16:19:45.296415,24528.0,97887.0,100.0,74.0,300.02,47.538100820633055,64.0,0.0,38273.0,52353.0,0.0,0.0,1485.505886592311,97.43769619773413,15305.207835154586,4389.53125,4607.78125,174622.97265625,9717.91015625,160970.03125,9.38,0,0,0.0,0,0
2026-04-30T16:19:46.336372,24528.0,97887.0,100.0,75.0,299.98,48.38804220398594,63.0,0.0,39036.0,52572.0,0.0,0.0,1470.738989407899,97.33275497922676,15127.543499456586,4389.53125,4607.78125,174622.97265625,9717.9375,160970.03125,9.38,0,0,0.0,0,0
2026-04-30T16:19:47.368038,24528.0,97887.0,100.0,75.0,299.97,49.589683470105506,64.0,0.0,39737.0,53033.0,0.0,0.0,1461.380770535973,97.31011753422275,15048.838198839963,4389.53125,4607.78125,174622.97265625,9715.75390625,160970.03125,9.38,0,0,0.0,0,0
2026-04-30T16:19:48.398072,24528.0,97887.0,100.0,75.0,299.94,50.70339976553342,64.0,0.0,40439.0,53046.0,0.0,0.0,1456.5753116298783,97.18014755300167,14977.818115161415,4389.53125,4607.78125,174622.97265625,9715.859375,160970.03125,9.38,0,0,0.0,0,0
2026-04-30T16:19:49.432338,24528.0,97887.0,100.0,75.0,300.0,51.40679953106682,64.0,0.0,41205.0,53101.0,0.0,0.0,1451.8159233754682,97.04826731552892,14936.623579781988,4389.53125,4607.78125,174622.97265625,9714.7890625,160970.03125,9.38,0,0,0.0,0,0
2026-04-30T16:19:50.462990,24528.0,97887.0,100.0,75.0,299.96,51.4654161781946,64.0,0.0,41907.0,53101.0,0.0,0.0,1451.8159233754682,96.91562235994576,15185.219193793631,4389.53125,4607.78125,174622.97265625,9719.8046875,160970.03125,9.38,0,0,0.0,0,0
2026-04-30T16:19:51.494830,24528.0,97887.0,100.0,76.0,299.99,50.96717467760844,63.0,0.0,42610.0,53128.0,0.0,0.0,1447.095111670743,96.8121735210296,15141.97567585976,4389.53125,4607.78125,174622.97265625,9720.69140625,160970.03125,9.38,0,0,0.0,0,0
2026-04-30T16:19:52.530320,24528.0,97887.0,100.0,76.0,300.0,50.43962485345838,64.0,0.0,43243.0,54066.0,0.0,0.0,1438.269125987809,96.92614119645457,15662.83906956829,4389.78125,4607.78125,174622.97265625,9714.38671875,160970.03125,9.38,0,0,0.0,0,0
2026-04-30T16:19:53.562497,24528.0,97887.0,100.0,76.0,300.01,48.124267291910904,64.0,0.0,43813.0,55265.0,0.0,0.0,1416.9878074899316,97.13509662057876,15769.891689221064,4389.78125,4607.78125,174622.97265625,9709.05078125,160970.03125,9.38,0,0,0.0,0,0
2026-04-30T16:19:54.593566,24528.0,97887.0,100.0,76.0,299.97,49.76553341148886,64.0,0.0,44515.0,55635.0,0.0,0.0,1412.7510159859862,97.10542055836216,15761.310112908714,4389.78125,4607.78125,174622.97265625,9709.828125,160970.03125,9.38,0,0,0.0,0,0
2026-04-30T16:19:55.626137,24528.0,97887.0,100.0,77.0,299.99,50.908558030480656,63.0,0.0,45149.0,56789.0,0.0,0.0,1400.681801025684,97.28045860728227,15691.580635642036,4389.78125,4607.78125,174622.97265625,9705.55859375,160970.03125,9.38,0,0,0.0,0,0
2026-04-30T16:19:56.656465,24528.0,97887.0,100.0,77.0,299.99,50.46893317702228,64.0,0.0,45783.0,57059.0,0.0,0.0,1388.1251521890154,97.27728653346537,15692.652232682885,4389.78125,4607.78125,174622.97265625,9711.0625,160970.03125,9.38,0,0,0.0,0,0
2026-04-30T16:19:57.691271,24528.0,97887.0,100.0,77.0,300.02,50.029308323563896,63.0,0.0,46483.0,57493.0,0.0,0.0,1380.0812253412212,97.28169199037312,15799.589554862221,4389.78125,4607.78125,174622.97265625,9707.7109375,160970.03125,9.38,0,0,0.0,0,0
2026-04-30T16:19:58.722052,24528.0,97887.0,100.0,77.0,299.85,48.094958968347015,63.0,0.0,46982.0,59079.0,0.0,0.0,1357.2497121522347,97.5692781655875,16475.28452483507,4390.03125,4607.78125,174622.97265625,9702.953125,160970.03125,9.38,0,0,0.0,0,0
2026-04-30T16:19:59.753390,24528.0,97887.0,100.0,78.0,300.09,47.977725674091445,63.0,0.0,47617.0,59745.0,0.0,0.0,1346.325623728063,97.64193130241269,16714.459480267564,4390.03125,4607.78125,174622.97265625,9705.69140625,160970.03125,9.38,0,0,0.0,0,0
2026-04-30T16:20:00.786482,24528.0,97887.0,100.0,78.0,299.98,44.284876905041024,62.0,0.0,48310.0,60018.0,0.0,0.0,1327.3627074388621,97.62477623292608,16869.06552644369,4390.03125,4607.78125,174622.97265625,9705.62109375,160970.03125,9.38,0,0,0.0,0,0
2026-04-30T16:20:01.818801,24528.0,97887.0,100.0,78.0,300.03,43.991793669402114,63.0,0.0,48876.0,60900.0,0.0,0.0,1309.7267948405845,97.75311210279816,17064.724575879885,4390.03125,4607.78125,174622.97265625,9722.05078125,160970.03125,9.38,0,0,0.0,0,0
2026-04-30T16:20:02.852079,24528.0,97887.0,100.0,78.0,299.98,42.26260257913247,64.0,0.0,49575.0,60955.0,0.0,0.0,1302.5488019823194,97.67056179746834,17383.34998421605,4390.03125,4607.78125,174622.97265625,9722.89453125,160970.03125,9.38,0,0,0.0,0,0
2026-04-30T16:20:03.882149,24528.0,97887.0,100.0,79.0,299.98,41.7936694021102,64.0,0.0,50207.0,61882.0,0.0,0.0,1285.5129454963396,97.78680559000632,17567.608488813898,4390.03125,4607.78125,174622.97265625,9720.85546875,160970.03125,9.38,0,0,0.0,0,0
2026-04-30T16:20:04.913505,24528.0,97887.0,100.0,79.0,300.08,41.99882766705745,64.0,0.0,50907.0,62259.0,0.0,0.0,1278.9130202739311,97.7712562086944,17467.71256684216,4390.03125,4607.78125,174622.97265625,9726.20703125,160970.03125,9.38,0,0,0.0,0,0
2026-04-30T16:20:05.943328,24528.0,97887.0,100.0,78.0,299.93,40.2989449003517,64.0,0.0,51535.0,62283.0,0.0,0.0,1272.1569012787381,97.70362019766144,17548.08426714958,4390.03125,4607.78125,174622.97265625,9722.2265625,160970.03125,9.38,0,0,0.0,0,0
2026-04-30T16:20:06.978470,24528.0,97887.0,100.0,78.0,300.04,41.14888628370457,63.0,0.0,52237.0,63426.0,0.0,0.0,1257.5144934654236,97.81445447929671,17646.33417230115,4390.03125,4607.78125,174622.97265625,9728.671875,160970.03125,9.38,0,0,0.0,0,0
2026-04-30T16:20:08.012348,24528.0,97887.0,100.0,79.0,299.96,41.55920281359906,64.0,0.0,52935.0,63490.0,0.0,0.0,1247.8568317866561,97.75686627415269,17555.32490259434,4390.03125,4607.78125,174622.97265625,9729.6953125,160970.03125,9.38,0,0,0.0,0,0
2026-04-30T16:20:09.042302,24528.0,97887.0,100.0,79.0,300.09,42.321219226260254,64.0,0.0,53573.0,63842.0,0.0,0.0,1244.8287394485976,97.74000623978895,17634.423677126568,4390.03125,4607.78125,174622.97265625,9733.1953125,160970.03125,9.38,0,0,0.0,0,0
2026-04-30T16:20:10.072885,24528.0,97887.0,100.0,79.0,299.92,43.05392731535756,64.0,0.0,54273.0,63929.0,0.0,0.0,1238.5457777509503,97.68606303715752,17670.854301492047,4390.03125,4607.78125,174622.97265625,9725.19140625,160970.03125,9.38,0,0,0.0,0,0
2026-04-30T16:20:11.102984,24528.0,97887.0,100.0,79.0,300.04,42.5263774912075,64.0,0.0,54909.0,64653.0,0.0,0.0,1232.6269908384843,97.74220746944948,17747.315298338406,4390.03125,4607.78125,174622.97265625,9724.87890625,160970.03125,9.38,0,0,0.0,0,0
2026-04-30T16:20:12.133231,24528.0,97887.0,100.0,79.0,299.96,42.58499413833528,64.0,0.0,55609.0,64991.0,0.0,0.0,1226.636903516708,97.73634421498218,17954.0665857191,4390.03125,4607.78125,174622.97265625,9723.1015625,160970.03125,9.38,0,0,0.0,0,0
2026-04-30T16:20:13.162637,24528.0,97887.0,100.0,79.0,300.0,41.11957796014069,63.0,0.0,56245.0,65518.0,0.0,0.0,1221.0705287945575,97.76338178596319,18106.82825103821,4390.03125,4607.78125,174622.97265625,9722.28515625,160970.03125,9.38,0,0,0.0,0,0
2026-04-30T16:20:14.192472,24528.0,97887.0,100.0,79.0,299.99,39.71277842907386,63.0,0.0,57007.0,65691.0,0.0,0.0,1212.0715451618983,97.67049195290704,18251.542479272874,4390.03125,4607.78125,174622.97265625,9725.97265625,160970.03125,9.38,0,0,0.0,0,0
2026-04-30T16:20:15.223403,24528.0,97887.0,100.0,80.0,300.0,40.41617819460727,64.0,0.0,57707.0,65913.0,0.0,0.0,1206.212235550023,97.60091833324798,18187.272174556267,4390.03125,4607.78125,174622.97265625,9724.0546875,160970.03125,9.38,0,0,0.0,0,0
2026-04-30T16:20:16.253238,24528.0,97887.0,100.0,80.0,300.0,41.236811254396244,64.0,0.0,58343.0,66280.0,0.0,0.0,1203.4222232470722,97.55793654078795,18372.340126598585,4390.03125,4607.78125,174622.97265625,9724.08203125,160970.03125,9.38,0,0,0.0,0,0
2026-04-30T16:20:17.283018,24528.0,97887.0,100.0,80.0,299.99,40.88511137162955,63.0,0.0,59045.0,66979.0,0.0,0.0,1197.8805921971798,97.56819592929762,18446.41221729234,4390.03125,4607.78125,174622.97265625,9721.69140625,160970.03125,9.38,0,0,0.0,0,0
2026-04-30T16:20:18.312532,24528.0,97887.0,100.0,80.0,299.97,42.14536928487691,64.0,0.0,59679.0,67617.0,0.0,0.0,1189.6107056561639,97.60316798715637,18405.96849301607,4390.03125,4607.78125,174622.97265625,9719.95703125,160970.03125,9.38,0,0,0.0,0,0
2026-04-30T16:20:19.342549,24528.0,97887.0,100.0,80.0,300.03,40.709261430246194,64.0,0.0,60443.0,67690.0,0.0,0.0,1186.8129232783376,97.51271169883567,18671.130038769308,4390.03125,4607.78125,174622.97265625,9720.48046875,160970.03125,9.38,0,0,0.0,0,0
2026-04-30T16:20:20.371958,24528.0,97887.0,100.0,80.0,299.99,40.592028135990624,63.0,0.0,61145.0,67723.0,0.0,0.0,1184.0071296691895,97.42765043864098,18789.624451684405,4390.03125,4607.78125,174622.97265625,9720.1484375,160970.03125,9.38,0,0,0.0,0,0
2026-04-30T16:20:21.401336,24528.0,97887.0,100.0,80.0,300.05,40.32825322391559,64.0,0.0,61845.0,67773.0,0.0,0.0,1175.7707043391904,97.37177546692651,19003.772485436817,4390.03125,4607.78125,174622.97265625,9720.16015625,160970.03125,9.38,0,0,0.0,0,0
2026-04-30T16:20:22.433446,24528.0,97887.0,100.0,80.0,299.94,36.31301289566237,61.0,0.0,62609.0,67865.0,0.0,0.0,1173.0642934700638,97.29480715018977,19531.58390966814,4390.03125,4607.78125,174622.97265625,9720.859375,160970.03125,9.38,0,0,0.0,0,0
2026-04-30T16:20:23.465848,24528.0,97887.0,100.0,80.0,299.98,37.22157092614302,62.0,0.0,63177.0,69157.0,0.0,0.0,1163.391558615653,97.4377705397522,19573.73768817015,4390.03125,4607.78125,174622.97265625,9719.46484375,160970.03125,9.38,0,0,0.0,0,0
2026-04-30T16:20:24.496588,24528.0,97887.0,100.0,81.0,299.99,36.78194607268465,63.0,0.0,63811.0,70074.0,0.0,0.0,1153.2182827901415,97.51748464351999,19706.35415167704,4390.03125,4607.78125,174622.97265625,9720.984375,160970.03125,9.38,0,0,0.0,0,0
2026-04-30T16:20:25.536391,24528.0,97887.0,100.0,81.0,299.96,35.726846424384526,62.0,0.0,64442.0,70724.0,0.0,0.0,1143.3524526109445,97.56950474620533,19587.84919913097,4390.03125,4607.78125,174623.00390625,9717.3828125,160970.03125,9.38,0,0,0.0,0,0
2026-04-30T16:20:26.566845,24528.0,97887.0,100.0,81.0,299.98,36.928487690504106,63.0,0.0,65010.0,71890.0,0.0,0.0,1134.6053890559983,97.69541104808168,19490.43489009776,4390.03125,4607.78125,174622.97265625,9719.70703125,160970.03125,9.38,0,0,0.0,0,0
2026-04-30T16:20:27.603103,24528.0,97887.0,100.0,81.0,300.04,36.78194607268465,63.0,0.0,65711.0,72228.0,0.0,0.0,1129.7681647693735,97.67097480800166,19371.94007803017,4390.03125,4607.78125,174622.97265625,9735.015625,160970.03125,9.38,0,0,0.0,0,0
2026-04-30T16:20:28.633797,24528.0,97887.0,100.0,81.0,300.0,38.10082063305978,64.0,0.0,66409.0,72354.0,0.0,0.0,1122.4712705612183,97.61668108933182,19248.671839287228,4390.03125,4607.78125,174622.97265625,9721.015625,160970.03125,9.38,0,0,0.0,0,0
2026-04-30T16:20:29.663472,24528.0,97887.0,100.0,81.0,299.96,36.75263774912075,64.0,0.0,67041.0,72576.0,0.0,0.0,1115.4577401136878,97.59498442997331,19448.42973741992,4390.03125,4607.78125,174622.97265625,9721.48828125,160970.03125,9.38,0,0,0.0,0,0
2026-04-30T16:20:30.694794,24528.0,97887.0,100.0,81.0,300.0,36.25439624853458,63.0,0.0,67743.0,72969.0,0.0,0.0,1110.9090999818184,97.58647042940856,19614.931725475886,4390.03125,4607.78125,174622.97265625,9719.49609375,160970.03125,9.38,0,0,0.0,0,0
2026-04-30T16:20:31.727951,24528.0,97887.0,100.0,82.0,299.97,36.1664712778429,63.0,0.0,68370.0,73380.0,0.0,0.0,1099.6132572491963,97.61258940220097,19661.826372146606,4390.03125,4607.78125,174622.97265625,9717.82421875,160970.03125,9.38,0,0,0.0,0,0
2026-04-30T16:20:32.760483,24528.0,97887.0,100.0,82.0,300.06,35.28722157092614,64.0,0.0,69003.0,74260.0,0.0,0.0,1089.3002235726135,97.69083182020833,19883.778307525026,4390.03125,4607.78125,174622.97265625,9715.05078125,160970.03125,9.38,0,0,0.0,0,0
2026-04-30T16:20:33.790532,24528.0,97887.0,100.0,82.0,299.93,34.78898007033998,64.0,0.0,69701.0,74299.0,0.0,0.0,1082.7164533345594,97.64819260824797,19922.799922918017,4390.03125,4607.78125,174622.97265625,9717.51171875,160970.03125,9.38,0,0,0.0,0,0
2026-04-30T16:20:34.822403,24528.0,97887.0,100.0,82.0,300.01,36.5767878077374,64.0,0.0,70269.0,75525.0,0.0,0.0,1077.1045896884887,97.75614736825167,19908.248575476857,4390.03125,4607.78125,174622.97265625,9720.56640625,160970.03125,9.38,0,0,0.0,0,0
2026-04-30T16:20:35.852442,24528.0,97887.0,100.0,82.0,300.07,36.25439624853458,63.0,0.0,70968.0,75837.0,0.0,0.0,1071.264458212623,97.74687885777014,19824.938932032444,4390.03125,4607.78125,174622.97265625,9722.91796875,160970.03125,9.38,0,0,0.0,0,0
2026-04-30T16:20:36.883152,24528.0,97887.0,100.0,82.0,300.02,35.16998827667057,63.0,0.0,71598.0,76604.0,0.0,0.0,1061.3956721917307,97.8119172257672,20003.27745494963,4390.03125,4607.78125,174622.97265625,9726.46484375,160970.03125,9.38,0,0,0.0,0,0
2026-04-30T16:20:37.913468,24528.0,97887.0,100.0,82.0,299.93,35.4630715123095,63.0,0.0,72234.0,77086.0,0.0,0.0,1057.4503871086702,97.8223371332316,19961.57178263994,4390.03125,4607.78125,174622.97265625,9727.4765625,160970.03125,9.38,0,0,0.0,0,0
2026-04-30T16:20:38.945726,24528.0,97887.0,100.0,82.0,299.98,34.61313012895663,61.0,0.0,72932.0,77647.0,0.0,0.0,1051.9094088425238,97.84862808601073,19819.34451614002,4390.03125,4607.78125,174623.00390625,9727.4921875,160970.03125,9.38,0,0,0.0,0,0
2026-04-30T16:20:39.977045,24528.0,97887.0,100.0,83.0,300.03,36.1957796014068,64.0,0.0,73431.0,79012.0,0.0,0.0,1042.1836883593828,97.99441012794497,19785.961057068012,4390.03125,4607.78125,174622.97265625,9730.82421875,160970.03125,9.38,0,0,0.0,0,0
2026-04-30T16:20:41.016917,24528.0,97887.0,100.0,82.0,300.0,32.18053927315358,62.0,0.0,74128.0,79410.0,0.0,0.0,1034.5537638301173,98.0065758673894,19887.616409594757,4390.03125,4607.78125,174622.97265625,9729.4453125,160970.03125,9.38,0,0,0.0,0,0
2026-04-30T16:20:42.053887,24528.0,97887.0,100.0,83.0,300.01,33.17702227432591,63.0,0.0,74694.0,80800.0,0.0,0.0,1026.2619385444432,98.13755209706979,19706.374629622413,4390.03125,4607.78125,174622.97265625,9730.27734375,160970.03125,9.38,0,0,0.0,0,0
2026-04-30T16:20:43.085181,24528.0,97887.0,100.0,82.0,300.0,33.17702227432591,62.0,0.0,75397.0,80821.0,0.0,0.0,1024.4250535964966,98.07636108600884,19682.510809080137,4390.03125,4607.78125,174622.97265625,9726.6484375,160970.03125,9.38,0,0,0.0,0,0
2026-04-30T16:20:44.116949,24528.0,97887.0,100.0,83.0,299.96,33.70457209847597,64.0,0.0,75963.0,81586.0,0.0,0.0,1017.4227073641107,98.13793862503093,19614.313777940362,4390.03125,4607.78125,174622.97265625,9746.390625,160970.03125,9.38,0,0,0.0,0,0
2026-04-30T16:20:45.147230,24528.0,97887.0,100.0,82.0,300.01,33.67526377491208,64.0,0.0,76663.0,82064.0,0.0,0.0,1012.1056430169932,98.14269314427882,19611.91814147349,4390.03125,4607.78125,174622.97265625,9730.41015625,160970.03125,9.38,0,0,0.0,0,0
2026-04-30T16:20:46.176460,24528.0,97887.0,100.0,82.0,299.98,35.492379835873386,64.0,0.0,77299.0,82953.0,0.0,0.0,1010.6147118643219,98.19000428299735,19629.705001305843,4390.03125,4607.78125,174622.97265625,9732.3359375,160970.03125,9.38,0,0,0.0,0,0
2026-04-30T16:20:47.205344,24528.0,97887.0,100.0,83.0,299.94,36.13716295427901,64.0,0.0,77997.0,83545.0,0.0,0.0,1003.8815586312304,98.17896351201748,19699.369128408103,4390.03125,4607.78125,174622.97265625,9731.79296875,160970.03125,9.38,0,0,0.0,0,0
2026-04-30T16:20:48.236039,24528.0,97887.0,100.0,83.0,299.99,36.28370457209847,63.0,0.0,78632.0,83964.0,0.0,0.0,1000.6467818062085,98.1600182582943,19722.185385532866,4390.03125,4607.78125,174622.97265625,9730.98046875,160970.03125,9.38,0,0,0.0,0,0
2026-04-30T16:20:49.266152,24528.0,97887.0,100.0,83.0,299.99,37.01641266119577,64.0,0.0,79333.0,84377.0,0.0,0.0,997.2627449494141,98.13129743801629,19864.07526514747,4390.03125,4607.78125,174622.97265625,9731.078125,160970.03125,9.38,0,0,0.0,0,0
2026-04-30T16:20:50.296665,24528.0,97887.0,100.0,83.0,300.05,34.08558030480656,62.0,0.0,80097.0,84460.0,0.0,0.0,993.7991964760009,98.06070299130123,19785.82408254066,4390.03125,4607.78125,174622.97265625,9732.25,160970.03125,9.38,0,0,0.0,0,0
2026-04-30T16:20:51.329640,24528.0,97887.0,100.0,83.0,299.95,36.89917936694022,64.0,0.0,80597.0,86291.0,0.0,0.0,985.114354007649,98.22993965506964,19714.632623063193,4390.03125,4607.78125,174622.97265625,9735.46484375,160970.03125,9.38,0,0,0.0,0,0
2026-04-30T16:20:52.359490,24528.0,97887.0,100.0,84.0,299.99,36.928487690504106,63.0,0.0,81231.0,87280.0,0.0,0.0,980.7577049425112,98.2845553517793,19593.93543921984,4390.28125,4607.78125,174622.97265625,9759.7109375,160970.03125,9.38,0,0,0.0,0,0
2026-04-30T16:20:53.392190,24528.0,97887.0,100.0,83.0,300.0,39.09730363423212,64.0,0.0,81797.0,88622.0,0.0,0.0,974.7671328675166,98.40096829176204,19493.643140015392,4390.28125,4607.78125,174622.97265625,9756.36328125,160970.03125,9.38,0,0,0.0,0,0
2026-04-30T16:20:54.424390,24528.0,97887.0,100.0,83.0,300.03,39.624853458382184,64.0,0.0,82499.0,88750.0,0.0,0.0,973.4440335520992,98.34770763713324,19641.255105414042,4390.28125,4607.78125,174622.97265625,9753.16015625,160970.03125,9.38,0,0,0.0,0,0
2026-04-30T16:20:55.454998,24528.0,97887.0,100.0,84.0,299.97,40.79718640093787,63.0,0.0,82939.0,90988.0,0.0,0.0,968.0491653057413,98.56276500284088,19629.31291113563,4390.28125,4607.78125,174622.97265625,9719.70703125,160970.03125,9.38,0,0,0.0,0,0
2026-04-30T16:20:56.485453,24528.0,97887.0,100.0,83.0,300.09,42.29191090269636,64.0,0.0,83509.0,92454.0,0.0,0.0,962.7682788805529,98.68682044524706,19662.725951443328,4390.28125,4607.78125,174622.97265625,9719.1953125,160970.03125,9.38,0,0,0.0,0,0
2026-04-30T16:20:57.516515,24528.0,97887.0,100.0,83.0,299.89,40.79718640093787,64.0,0.0,84135.0,93421.0,0.0,0.0,954.7088787694684,98.7540845359867,19678.094751841094,4390.28125,4607.78125,174622.97265625,9723.84375,160970.03125,9.38,0,0,0.0,0,0
2026-04-30T16:20:58.547922,24528.0,97887.0,100.0,83.0,300.06,38.4232121922626,64.0,0.0,84637.0,94852.0,0.0,0.0,946.9426886170311,98.8767043036751,19593.324683990675,4390.28125,4607.78125,174622.97265625,9715.32421875,160970.03125,9.38,0,0,0.0,0,0
2026-04-30T16:20:59.581095,24528.0,97887.0,100.0,83.0,299.98,37.22157092614302,62.0,0.0,85267.0,95969.0,0.0,0.0,941.6490301751254,98.95826683440815,19473.794244872737,4390.28125,4607.78125,174622.97265625,9719.765625,160970.03125,9.38,0,0,0.0,0,0
2026-04-30T16:21:00.612377,24528.0,97887.0,100.0,83.0,300.02,36.1664712778429,63.0,0.0,85896.0,96174.0,0.0,0.0,933.1290365813614,98.93988326089521,19378.366119580758,4390.28125,4607.78125,174622.97265625,9717.34375,160970.03125,9.38,0,0,0.0,0,0
2026-04-30T16:21:01.647368,24528.0,97887.0,100.0,83.0,299.94,36.25439624853458,64.0,0.0,86659.0,96275.0,0.0,0.0,930.3186037417116,98.88654175054207,19455.96322692243,4390.28125,4607.78125,174622.97265625,9731.58984375,160970.03125,9.38,0,0,0.0,0,0
2026-04-30T16:21:02.679531,24528.0,97887.0,100.0,83.0,300.01,36.75263774912075,64.0,0.0,87359.0,96319.0,0.0,0.0,926.1587983280484,98.84734787699766,19488.293466142037,4390.28125,4607.78125,174622.97265625,9717.12890625,160970.03125,9.38,0,0,0.0,0,0
2026-04-30T16:21:03.711706,24528.0,97887.0,100.0,84.0,300.01,37.48534583821805,64.0,0.0,87997.0,96529.0,0.0,0.0,924.8384955601815,98.82038609061209,19519.321577973882,4390.28125,4607.78125,174622.97265625,9712.76171875,160970.03125,9.38,0,0,0.0,0,0
2026-04-30T16:21:04.741128,24528.0,97887.0,100.0,84.0,299.97,37.01641266119577,64.0,0.0,88695.0,96822.0,0.0,0.0,920.8346643265645,98.80768332863092,19641.220965022247,4390.28125,4607.78125,174622.97265625,9718.86328125,160970.03125,9.38,0,0,0.0,0,0
2026-04-30T16:21:05.773638,24528.0,97887.0,100.0,84.0,299.97,36.43024618991794,64.0,0.0,89391.0,97076.0,0.0,0.0,915.5399432935213,98.79679144479086,19743.40442555374,4390.28125,4607.78125,174622.97265625,9719.62890625,160970.03125,9.38,0,0,0.0,0,0
2026-04-30T16:21:06.805091,24528.0,97887.0,100.0,84.0,300.06,36.928487690504106,63.0,0.0,90093.0,97076.0,0.0,0.0,915.5399432935213,98.73685889279028,19748.85081840774,4390.28125,4607.78125,174622.97265625,9713.9375,160970.03125,9.38,0,0,0.0,0,0
2026-04-30T16:21:07.835067,24528.0,97887.0,100.0,84.0,299.98,38.98007033997656,64.0,0.0,90665.0,98051.0,0.0,0.0,912.0094776153564,98.8102717424615,19726.62808181007,4390.28125,4607.78125,174622.97265625,9713.1953125,160970.03125,9.38,0,0,0.0,0,0
2026-04-30T16:21:08.866360,24528.0,97887.0,100.0,84.0,299.98,38.65767878077374,63.0,0.0,91232.0,99057.0,0.0,0.0,907.7032651149386,98.89423812171714,19715.621499286914,4390.28125,4607.78125,174622.97265625,9715.53125,160970.03125,9.38,0,0,0.0,0,0
2026-04-30T16:21:09.904362,24528.0,97887.0,100.0,84.0,299.9,40.79718640093787,64.0,0.0,91731.0,100904.0,0.0,0.0,901.3626326303013,99.05381428889893,19549.699683469884,4390.28125,4607.78125,174622.97265625,9718.2109375,160970.03125,9.38,0,0,0.0,0,0
2026-04-30T16:21:10.936914,24528.0,97887.0,100.0,84.0,300.09,37.54396248534584,63.0,0.0,92364.0,101455.0,0.0,0.0,896.8907628602128,99.08414559807156,19652.51343511479,4390.28125,4607.78125,174622.97265625,9716.06640625,160970.03125,9.38,0,0,0.0,0,0
2026-04-30T16:21:11.970075,24528.0,97887.0,100.0,84.0,300.04,38.10082063305978,64.0,0.0,93063.0,101936.0,0.0,0.0,893.4443984368835,99.09710847613135,19574.654139388185,4390.28125,4607.78125,174622.97265625,9716.99609375,160970.03125,9.38,0,0,0.0,0,0
2026-04-30T16:21:13.002224,24528.0,97887.0,100.0,84.0,300.01,39.155920281359904,64.0,0.0,93633.0,102755.0,0.0,0.0,891.2391077344805,99.14406501793312,19536.212482210678,4390.28125,4607.78125,174622.97265625,9712.16796875,160970.03125,9.38,0,0,0.0,0,0
2026-04-30T16:21:14.037474,24528.0,97887.0,100.0,85.0,300.03,39.59554513481829,64.0,0.0,94335.0,103219.0,0.0,0.0,888.9285615068638,99.14793449468382,19503.58592723978,4390.28125,4607.78125,174622.97265625,9708.45703125,160970.03125,9.38,0,0,0.0,0,0
2026-04-30T16:21:15.072243,24528.0,97887.0,100.0,84.0,299.91,38.4232121922626,61.0,0.0,95033.0,103437.0,0.0,0.0,887.7751398086548,99.11981522426599,19490.513129766547,4390.28125,4607.78125,174622.97265625,9714.453125,160970.03125,9.38,0,0,0.0,0,0
2026-04-30T16:21:16.104105,24528.0,97887.0,100.0,84.0,300.01,37.07502930832356,59.0,0.0,95698.0,103437.0,0.0,0.0,887.7751398086548,99.0641550821059,19522.876136697607,4390.28125,4607.78125,174622.97265625,9716.16796875,160970.03125,9.38,0,0,0.0,0,0
2026-04-30T16:21:17.134437,24528.0,97887.0,100.0,84.0,300.0,38.188745603751464,59.0,0.0,96347.0,103437.0,0.0,0.0,887.7751398086548,99.01082313073464,19522.876136697607,4390.28125,4607.78125,174622.97265625,9711.48046875,160970.03125,9.38,0,0,0.0,0,0
2026-04-30T16:21:18.166775,24528.0,97887.0,100.0,84.0,299.97,36.89917936694022,56.0,0.0,97035.0,103437.0,0.0,0.0,887.7751398086548,98.95170670776345,19577.884780394066,4390.28125,4607.78125,174622.97265625,9711.2890625,160970.03125,9.38,0,0,0.0,0,0
2026-04-30T16:21:19.200787,24528.0,97887.0,100.0,84.0,299.98,36.54747948417351,55.0,0.0,97650.0,103437.0,0.0,0.0,887.7751398086548,98.87787255705983,19582.672573475356,4390.28125,4607.78125,174622.97265625,9711.23046875,160970.03125,9.38,0,0,0.0,0,0
2026-04-30T16:21:20.230920,24528.0,97887.0,100.0,84.0,300.01,34.90621336459554,53.0,0.0,98294.0,103437.0,0.0,0.0,887.7751398086548,98.80374538421138,19746.20794449877,4390.28125,4607.78125,174622.97265625,9714.62109375,160970.03125,9.38,0,0,0.0,0,0
2026-04-30T16:21:21.260709,24528.0,97887.0,100.0,84.0,300.01,35.4630715123095,52.0,0.0,98924.0,103437.0,0.0,0.0,887.7751398086548,98.73493932756685,19747.98352324537,4390.28125,4607.78125,174622.97265625,9713.44140625,160970.03125,9.38,0,0,0.0,0,0
2026-04-30T16:21:22.293264,24528.0,97887.0,100.0,84.0,300.07,35.63892145369285,50.0,0.0,99491.0,103437.0,0.0,0.0,887.7751398086548,98.67660464000699,19753.67384592692,4390.28125,4607.78125,174622.97265625,9709.00390625,160970.03125,9.38,0,0,0.0,0,0
2026-04-30T16:21:23.324292,24528.0,97887.0,100.0,84.0,299.97,31.506447831184058,45.0,0.0,100076.0,103437.0,0.0,0.0,887.7751398086548,98.61782554166037,19970.678785869055,4390.28125,4607.78125,174622.97265625,9710.8203125,160970.03125,9.38,0,0,0.0,0,0
2026-04-30T16:21:24.355581,24528.0,97887.0,100.0,84.0,300.0,31.30128956623681,43.0,0.0,100606.0,103437.0,0.0,0.0,887.7751398086548,98.56391770925967,19986.717178732873,4390.28125,4607.78125,174622.97265625,9704.75390625,160970.03125,9.38,0,0,0.0,0,0
2026-04-30T16:21:25.387324,24528.0,97887.0,100.0,84.0,299.93,29.74794841735052,39.0,0.0,101059.0,103437.0,0.0,0.0,887.7751398086548,98.51850386350976,20000.688047057378,4390.28125,4607.78125,174622.97265625,9707.10546875,160970.03125,9.38,0,0,0.0,0,0
2026-04-30T16:21:26.418351,24528.0,97887.0,100.0,84.0,300.02,29.98241500586166,37.0,0.0,101518.0,103437.0,0.0,0.0,887.7751398086548,98.47286498504869,19981.749285889495,4390.28125,4607.78125,174622.97265625,9710.9375,160970.03125,9.38,0,0,0.0,0,0
2026-04-30T16:21:27.449160,24528.0,97887.0,100.0,84.0,299.93,30.275498241500586,36.0,0.0,101959.0,103437.0,0.0,0.0,887.7751398086548,98.43031142187561,19996.881181309964,4390.28125,4607.78125,174622.97265625,9703.7734375,160970.03125,9.38,0,0,0.0,0,0
2026-04-30T16:21:28.480531,24528.0,97887.0,100.0,84.0,300.02,30.392731535756155,35.0,0.0,102348.0,103437.0,0.0,0.0,887.7751398086548,98.3933087720814,20018.554214251937,4390.28125,4607.78125,174622.97265625,9708.01171875,160970.03125,9.38,0,0,0.0,0,0
2026-04-30T16:21:29.511313,24528.0,97887.0,100.0,84.0,300.03,26.348182883939042,32.0,0.0,102760.0,103437.0,0.0,0.0,887.7751398086548,98.354785784993,20171.535794042113,4390.28125,4607.78125,174622.97265625,9708.76953125,160970.03125,9.38,0,0,0.0,0,0
2026-04-30T16:21:30.544931,24528.0,97887.0,100.0,85.0,299.96,26.31887456037515,31.0,0.0,103139.0,103437.0,0.0,0.0,887.7751398086548,98.31675265289664,20208.09018179806,4390.28125,4607.78125,174622.97265625,9709.7421875,160970.03125,9.38,0,0,0.0,0,0
2026-04-30T16:21:31.575424,24528.0,97887.0,100.0,85.0,300.05,25.058616647127785,29.0,0.0,103473.0,103437.0,0.0,0.0,887.7751398086548,98.28377111514838,20327.41833948026,4390.28125,4607.78125,174622.97265625,9709.328125,160970.03125,9.38,0,0,0.0,0,0
2026-04-30T16:21:32.609958,24528.0,97887.0,100.0,85.0,300.05,24.355216881594377,28.0,0.0,103811.0,103437.0,0.0,0.0,887.7751398086548,98.25045460277039,20394.41362730527,4390.28125,4607.78125,174622.97265625,9712.09765625,160970.03125,9.38,0,0,0.0,0,0
2026-04-30T16:21:33.641948,24528.0,97887.0,100.0,85.0,299.93,25.058616647127785,28.0,0.0,104147.0,103437.0,0.0,0.0,887.7751398086548,98.21805209295803,20394.41362730527,4390.28125,4607.78125,174622.97265625,9721.91796875,160970.03125,9.38,0,0,0.0,0,0
2026-04-30T16:21:34.677451,24528.0,97887.0,100.0,85.0,299.96,25.674091441969516,28.0,0.0,104483.0,103437.0,0.0,0.0,887.7751398086548,98.18628006399643,20394.41362730527,4390.28125,4607.78125,174622.97265625,9713.1796875,160970.03125,9.38,0,0,0.0,0,0
2026-04-30T16:21:35.712564,24528.0,97887.0,100.0,85.0,300.01,25.61547479484173,27.0,0.0,104782.0,103437.0,0.0,0.0,887.7751398086548,98.15833139652733,20415.85924106219,4390.28125,4607.78125,174622.97265625,9708.70703125,160970.03125,9.38,0,0,0.0,0,0
2026-04-30T16:21:36.743065,24528.0,97887.0,100.0,85.0,299.95,22.71395076201641,23.0,0.0,105078.0,103437.0,0.0,0.0,887.7751398086548,98.13007702160851,20583.931938907135,4390.28125,4607.78125,174622.97265625,9705.91015625,160970.03125,9.38,0,0,0.0,0,0
2026-04-30T16:21:37.774610,24528.0,97887.0,100.0,85.0,299.98,21.131301289566238,20.0,0.0,105341.0,103437.0,0.0,0.0,887.7751398086548,98.10462245381495,20646.401389936607,4390.28125,4607.78125,174622.97265625,9708.28125,160970.03125,9.38,0,0,0.0,0,0
2026-04-30T16:21:38.805382,24528.0,97887.0,100.0,85.0,300.02,20.808909730363425,19.0,0.0,105556.0,103437.0,0.0,0.0,887.7751398086548,98.08379219208251,20664.29721937358,4390.28125,4607.78125,174622.97265625,9710.05078125,160970.03125,9.38,0,0,0.0,0,0
2026-04-30T16:21:39.838874,24528.0,97887.0,100.0,85.0,299.98,21.248534583821808,19.0,0.0,105784.0,103437.0,0.0,0.0,887.7751398086548,98.06166427308249,20664.29721937358,4390.28125,4607.78125,174622.97265625,9707.484375,160970.03125,9.38,0,0,0.0,0,0
2026-04-30T16:21:40.868588,24528.0,97887.0,100.0,85.0,300.01,21.688159437280184,19.0,0.0,106012.0,103437.0,0.0,0.0,887.7751398086548,98.03991745975489,20664.29721937358,4390.28125,4607.78125,174622.97265625,9710.16015625,160970.03125,9.38,0,0,0.0,0,0
2026-04-30T16:21:41.898605,24528.0,97887.0,100.0,85.0,299.96,20.691676436107855,18.0,0.0,106236.0,103437.0,0.0,0.0,887.7751398086548,98.0186895467886,20769.516455187342,4390.28125,4607.78125,174622.97265625,9708.80859375,160970.03125,9.38,0,0,0.0,0,0
2026-04-30T16:21:42.928867,24528.0,97887.0,100.0,85.0,300.02,21.043376318874564,18.0,0.0,106434.0,103437.0,0.0,0.0,887.7751398086548,98.00006502406906,20769.516455187342,4390.28125,4607.78125,174622.97265625,9709.2421875,160970.03125,9.38,0,0,0.0,0,0
2026-04-30T16:21:43.959476,24528.0,97887.0,100.0,85.0,300.0,19.988276670574447,17.0,0.0,106642.0,103437.0,0.0,0.0,887.7751398086548,97.9805159364684,20833.264927439563,4390.28125,4607.78125,174622.97265625,9713.61328125,160970.03125,9.38,0,0,0.0,0,0
2026-04-30T16:21:44.991848,24528.0,97887.0,100.0,85.0,299.98,18.96248534583822,16.0,0.0,106837.0,103437.0,0.0,0.0,887.7751398086548,97.96274410236089,20939.321813011957,4390.53125,4607.78125,174622.97265625,9714.7578125,160970.03125,9.38,0,0,0.0,0,0
2026-04-30T16:21:46.022939,24528.0,97887.0,100.0,85.0,300.03,15.973036342321222,14.0,0.0,107008.0,103437.0,0.0,0.0,887.7751398086548,97.9462586263109,21097.70755316495,4390.53125,4607.78125,174622.97265625,9708.984375,160970.03125,9.38,0,0,0.0,0,0
2026-04-30T16:21:47.054811,24528.0,97887.0,100.0,85.0,299.95,16.266119577960136,14.0,0.0,107176.0,103437.0,0.0,0.0,887.7751398086548,97.92979646844265,21097.70755316495,4390.53125,4607.78125,174622.97265625,9707.28125,160970.03125,9.38,0,0,0.0,0,0
2026-04-30T16:21:48.085906,24528.0,97887.0,100.0,85.0,299.98,14.39038686987104,12.0,0.0,107332.0,103437.0,0.0,0.0,887.7751398086548,97.91449631567565,21193.140956222036,4390.53125,4607.78125,174622.97265625,9706.43359375,160970.03125,9.38,0,0,0.0,0,0
2026-04-30T16:21:49.117241,24528.0,97887.0,100.0,85.0,300.02,13.862837045720989,11.0,0.0,107473.0,103437.0,0.0,0.0,887.7751398086548,97.90052638247404,21226.162593057554,4390.53125,4607.78125,174622.97265625,9707.61328125,160970.03125,9.38,0,0,0.0,0,0
2026-04-30T16:21:50.146939,24528.0,97887.0,100.0,85.0,299.98,14.038686987104343,11.0,0.0,107605.0,103437.0,0.0,0.0,887.7751398086548,97.8869493381955,21226.162593057554,4390.53125,4607.78125,174622.97265625,9710.37890625,160970.03125,9.38,0,0,0.0,0,0
2026-04-30T16:21:51.177451,24528.0,97887.0,100.0,85.0,300.01,14.331770222743256,11.0,0.0,107737.0,103437.0,0.0,0.0,887.7751398086548,97.86977129282143,21226.162593057554,4390.53125,4607.78125,174622.97265625,9711.67578125,160970.03125,9.38,0,0,0.0,0,0
2026-04-30T16:21:52.207754,24528.0,97887.0,100.0,85.0,300.04,14.566236811254395,11.0,0.0,107869.0,103437.0,0.0,0.0,887.7751398086548,97.85321015291666,21226.162593057554,4390.53125,4607.78125,174622.97265625,9708.71875,160970.03125,9.38,0,0,0.0,0,0
2026-04-30T16:21:53.237589,24528.0,97887.0,100.0,85.0,299.99,14.830011723329427,11.0,0.0,108001.0,103437.0,0.0,0.0,887.7751398086548,97.83718386818049,21226.162593057554,4390.53125,4607.78125,174622.97265625,9711.31640625,160970.03125,9.38,0,0,0.0,0,0
2026-04-30T16:21:54.268237,24528.0,97887.0,100.0,85.0,299.95,12.338804220398591,9.0,0.0,108119.0,103437.0,0.0,0.0,887.7751398086548,97.82314180890968,21371.124696343108,4390.53125,4607.78125,174622.97265625,9706.7890625,160970.03125,9.38,0,0,0.0,0,0
2026-04-30T16:21:55.299493,24528.0,97887.0,100.0,85.0,300.02,11.107854630715119,8.0,0.0,108220.0,103437.0,0.0,0.0,887.7751398086548,97.81100299568578,21452.72382730391,4395.78125,4607.78125,174625.74609375,9716.9296875,160970.03125,9.38,0,0,0.0,0,0
2026-04-30T16:21:56.330161,24528.0,97887.0,100.0,85.0,299.99,8.616647127784294,6.0,0.0,108301.0,103437.0,0.0,0.0,887.7751398086548,97.80221104207867,21622.906660261426,4395.78125,4607.78125,174625.74609375,9712.39453125,160970.03125,9.38,0,0,0.0,0,0
2026-04-30T16:21:57.360711,24528.0,97887.0,100.0,85.0,299.99,8.763188745603756,6.0,0.0,108373.0,103437.0,0.0,0.0,887.7751398086548,97.79376130973735,21622.906660261426,4395.78125,4607.78125,174625.74609375,9714.984375,160970.03125,9.38,0,0,0.0,0,0
2026-04-30T16:21:58.390707,24528.0,97887.0,100.0,85.0,300.05,8.851113716295433,6.0,0.0,108445.0,103437.0,0.0,0.0,887.7751398086548,97.78547917349661,21622.906660261426,4395.78125,4607.78125,174625.74609375,9717.4765625,160970.03125,9.38,0,0,0.0,0,0
2026-04-30T16:21:59.419694,24528.0,97887.0,100.0,85.0,300.0,8.997655334114885,6.0,0.0,108517.0,103437.0,0.0,0.0,887.7751398086548,97.77731789869331,21622.906660261426,4395.78125,4607.78125,174625.74609375,9717.59765625,160970.03125,9.38,0,0,0.0,0,0
2026-04-30T16:22:00.449734,24528.0,97887.0,100.0,85.0,300.01,9.144196951934347,6.0,0.0,108589.0,103437.0,0.0,0.0,887.7751398086548,97.7692832250378,21622.906660261426,4395.78125,4607.78125,174625.74609375,9716.91796875,160970.03125,9.38,0,0,0.0,0,0
2026-04-30T16:22:01.480658,24528.0,97887.0,100.0,85.0,299.96,9.29073856975381,6.0,0.0,108661.0,103437.0,0.0,0.0,887.7751398086548,97.76135856117627,21622.906660261426,4395.78125,4607.78125,174625.74609375,9716.92578125,160970.03125,9.38,0,0,0.0,0,0
2026-04-30T16:22:02.511539,24528.0,97887.0,100.0,86.0,300.04,9.378663540445487,6.0,0.0,108733.0,103437.0,0.0,0.0,887.7751398086548,97.75351976444486,21622.906660261426,4395.78125,4607.78125,174625.74609375,9716.79296875,160970.03125,9.38,0,0,0.0,0,0
2026-04-30T16:22:03.542159,24528.0,97887.0,100.0,85.0,299.98,9.52520515826495,6.0,0.0,108805.0,103437.0,0.0,0.0,887.7751398086548,97.7457739608263,21622.906660261426,4395.78125,4607.78125,174625.74609375,9713.9296875,160970.03125,9.38,0,0,0.0,0,0
2026-04-30T16:22:04.572235,24528.0,97887.0,100.0,86.0,299.96,9.671746776084412,6.0,0.0,108877.0,103437.0,0.0,0.0,887.7751398086548,97.73813111371581,21622.906660261426,4395.78125,4607.78125,174625.74609375,9711.671875,160970.03125,9.38,0,0,0.0,0,0
2026-04-30T16:22:05.601559,24528.0,97887.0,100.0,86.0,300.01,9.818288393903874,6.0,0.0,108949.0,103437.0,0.0,0.0,887.7751398086548,97.73056661246504,21622.906660261426,4395.78125,4607.78125,174625.74609375,9711.8671875,160970.03125,9.38,0,0,0.0,0,0
2026-04-30T16:22:06.631858,24528.0,97887.0,100.0,86.0,299.97,7.385697538100821,5.0,0.0,109013.0,103437.0,0.0,0.0,887.7751398086548,97.7237871311576,21730.90535366174,4395.78125,4607.78125,174625.74609375,9710.33203125,160970.03125,9.38,0,0,0.0,0,0
2026-04-30T16:22:07.662708,24528.0,97887.0,100.0,86.0,299.94,7.502930832356391,5.0,0.0,109073.0,103437.0,0.0,0.0,887.7751398086548,97.71741479344149,21730.90535366174,4395.78125,4607.78125,174625.74609375,9711.75390625,160970.03125,9.38,0,0,0.0,0,0
2026-04-30T16:22:08.694262,24528.0,97887.0,100.0,86.0,300.06,5.334114888628372,4.0,0.0,109125.0,103437.0,0.0,0.0,887.7751398086548,97.71184066693878,21805.335593800388,4395.78125,4607.78125,174625.74609375,9711.71875,160970.03125,9.38,0,0,0.0,0,0
2026-04-30T16:22:09.730267,24528.0,97887.0,100.0,86.0,299.99,5.42203985932005,4.0,0.0,109173.0,103437.0,0.0,0.0,887.7751398086548,97.70668334384976,21805.335593800388,4395.78125,4607.78125,174625.74609375,9730.671875,160970.03125,9.38,0,0,0.0,0,0
2026-04-30T16:22:10.759389,24528.0,97887.0,100.0,86.0,299.97,4.044548651817115,3.0,0.0,109213.0,103437.0,0.0,0.0,887.7751398086548,97.7023664933297,21892.588966089475,4395.78125,4607.78125,174625.74609375,9713.34375,160970.03125,9.38,0,0,0.0,0,0
2026-04-30T16:22:11.789171,24528.0,97887.0,100.0,86.0,299.99,4.1031652989449,3.0,0.0,109249.0,103437.0,0.0,0.0,887.7751398086548,97.69848547745066,21892.588966089475,4395.78125,4607.78125,174625.74609375,9717.0234375,160970.03125,9.38,0,0,0.0,0,0
2026-04-30T16:22:12.822577,24528.0,97887.0,100.0,86.0,300.03,2.78429073856975,2.0,0.0,109284.0,103437.0,0.0,0.0,887.7751398086548,97.69470238304625,21974.723229446565,4395.78125,4607.78125,174625.74609375,9714.09765625,160970.03125,9.38,0,0,0.0,0,0
2026-04-30T16:22:13.854695,24528.0,97887.0,100.0,86.0,299.99,2.8135990621336426,2.0,0.0,109308.0,103437.0,0.0,0.0,887.7751398086548,97.69207183879134,21974.723229446565,4395.78125,4607.78125,174625.74609375,9718.984375,160970.03125,9.38,0,0,0.0,0,0
2026-04-30T16:22:14.887092,24528.0,97887.0,0.0,83.0,163.75,0.0,0.0,0.0,109313.0,103437.0,0.0,0.0,887.7751398086548,97.6915760707569,22147.959426403046,4395.78125,4607.78125,174625.74609375,8145.87109375,160970.03125,9.38,0,0,0.0,0,0
2026-04-30T16:22:15.917659,0.0,97887.0,0.0,82.0,109.1,0,0,0,0,0,0,0,0,0,0,0,4607.78125,0,4819.59765625,160970.03125,0,0,0,0,0,0
2026-04-30T16:22:16.952086,0.0,97887.0,0.0,81.0,92.82,0,0,0,0,0,0,0,0,0,0,0,4607.78125,0,4690.14453125,160970.03125,0,0,0,0,0,0
2026-04-30T16:22:17.990425,0.0,97887.0,0.0,80.0,58.58,0,0,0,0,0,0,0,0,0,0,0,4607.78125,0,4693.671875,160970.03125,0,0,0,0,0,0
2026-04-30T16:22:19.018609,0.0,97887.0,0.0,79.0,56.75,0,0,0,0,0,0,0,0,0,0,0,4607.78125,0,4694.02734375,160970.03125,0,0,0,0,0,0
2026-04-30T16:22:20.047899,0.0,97887.0,0.0,78.0,54.88,0,0,0,0,0,0,0,0,0,0,0,4607.78125,0,4697.18359375,160970.03125,0,0,0,0,0,0
2026-04-30T16:22:21.081697,0.0,97887.0,0.0,77.0,31.26,0,0,0,0,0,0,0,0,0,0,0,4607.78125,0,4752.09375,160970.03125,0,0,0,0,0,0
2026-04-30T16:22:22.114690,0.0,97887.0,0.0,77.0,29.72,0,0,0,0,0,0,0,0,0,0,0,4607.78125,0,4798.8984375,160970.03125,0,0,0,0,0,0
2026-04-30T16:22:23.143138,0.0,97887.0,0.0,76.0,28.01,0,0,0,0,0,0,0,0,0,0,0,4607.78125,0,4799.59375,160970.03125,0,0,0,0,0,0
2026-04-30T16:22:24.172430,0.0,97887.0,0.0,75.0,26.7,0,0,0,0,0,0,0,0,0,0,0,4607.78125,0,4981.75,160970.03125,0,0,0,0,0,0
2026-04-30T16:22:25.202186,0.0,97887.0,0.0,75.0,26.31,0,0,0,0,0,0,0,0,0,0,0,4607.78125,0,5118.23828125,160970.03125,0,0,0,0,0,0
2026-04-30T16:22:26.230632,0.0,97887.0,0.0,74.0,26.2,0,0,0,0,0,0,0,0,0,0,0,4607.78125,0,5204.55859375,160970.03125,0,0,0,0,0,0
2026-04-30T16:22:27.258101,0.0,97887.0,0.0,73.0,26.06,0,0,0,0,0,0,0,0,0,0,0,4607.78125,0,5287.72265625,160970.03125,0,0,0,0,0,0
2026-04-30T16:22:28.290789,0.0,97887.0,0.0,73.0,25.5,0,0,0,0,0,0,0,0,0,0,0,4607.78125,0,5358.6171875,160970.03125,0,0,0,0,0,0
2026-04-30T16:22:29.331470,0.0,97887.0,0.0,72.0,25.25,0,0,0,0,0,0,0,0,0,0,0,4607.78125,0,5490.27734375,160970.03125,0,0,0,0,0,0
2026-04-30T16:22:30.360342,0.0,97887.0,0.0,72.0,25.67,0,0,0,0,0,0,0,0,0,0,0,4607.78125,0,5806.73046875,160970.03125,0,0,0,0,0,0
2026-04-30T16:22:31.391621,0.0,97887.0,0.0,71.0,25.43,0,0,0,0,0,0,0,0,0,0,0,4607.78125,0,5882.3203125,160970.03125,0,0,0,0,0,0
2026-04-30T16:22:32.426945,0.0,97887.0,0.0,71.0,25.84,0,0,0,0,0,0,0,0,0,0,0,4607.78125,0,6009.1328125,160970.03125,0,0,0,0,0,0
2026-04-30T16:22:33.458499,0.0,97887.0,0.0,70.0,25.39,0,0,0,0,0,0,0,0,0,0,0,4607.78125,0,6081.69140625,160970.03125,0,0,0,0,0,0
2026-04-30T16:22:34.489517,7592.0,97887.0,17.0,70.0,71.19,0,0,0,0,0,0,0,0,0,0,0,4607.78125,0,6705.98046875,160970.03125,0,0,0,0,0,0
2026-04-30T16:22:35.515893,10478.0,97887.0,21.0,70.0,92.7,0,0,0,0,0,0,0,0,0,0,0,4607.78125,0,6704.98046875,160970.03125,0,0,0,0,0,0
2026-04-30T16:22:36.545322,10478.0,97887.0,14.0,70.0,91.96,0,0,0,0,0,0,0,0,0,0,0,4607.78125,0,6700.28125,160970.03125,0,0,0,0,0,0
2026-04-30T16:22:37.573613,10444.0,97887.0,0.0,70.0,88.55,0,0,0,0,0,0,0,0,0,0,0,4607.78125,0,6759.265625,160970.03125,0,0,0,0,0,0
2026-04-30T16:22:38.603691,10444.0,97887.0,0.0,69.0,87.95,0,0,0,0,0,0,0,0,0,0,0,4607.78125,0,6790.22265625,160970.03125,0,0,0,0,0,0
2026-04-30T16:22:39.631370,10444.0,97887.0,0.0,69.0,87.18,0,0,0,0,0,0,0,0,0,0,0,4607.78125,0,6807.90234375,160970.03125,0,0,0,0,0,0
2026-04-30T16:22:40.662279,12794.0,97887.0,17.0,69.0,85.5,0,0,0,0,0,0,0,0,0,0,0,4607.78125,0,7040.20703125,160970.03125,0,0,0,0,0,0
2026-04-30T16:22:41.695948,13226.0,97887.0,100.0,74.0,303.28,0,0,0,0,0,0,0,0,0,0,0,4607.78125,0,7048.0546875,160970.03125,0,0,0,0,0,0
2026-04-30T16:22:42.724061,13226.0,97887.0,100.0,74.0,299.98,0,0,0,0,0,0,0,0,0,0,0,4607.78125,0,7057.18359375,160970.03125,0,0,0,0,0,0
2026-04-30T16:22:43.752537,14440.0,97887.0,13.0,71.0,208.42,0,0,0,0,0,0,0,0,0,0,0,4607.78125,0,7137.203125,160970.03125,0,0,0,0,0,0
2026-04-30T16:22:44.816449,89582.0,97887.0,95.0,71.0,133.42,0,0,0,0,0,0,0,0,0,0,0,4607.78125,0,7138.32421875,160970.03125,0,0,0,0,0,0
2026-04-30T16:22:45.844684,89964.0,97887.0,100.0,75.0,300.64,0,0,0,0,0,0,0,0,0,0,0,4607.78125,0,7138.67578125,160970.03125,0,0,0,0,0,0
2026-04-30T16:22:46.874067,89964.0,97887.0,100.0,75.0,299.99,0,0,0,0,0,0,0,0,0,0,0,4607.78125,0,7142.9296875,160970.03125,0,0,0,0,0,0
2026-04-30T16:22:47.918149,87806.0,97887.0,73.0,76.0,295.2,0,0,0,0,0,0,0,0,0,0,0,4607.78125,0,7154.58203125,160970.03125,0,0,0,0,0,0
2026-04-30T16:22:48.987135,87828.0,97887.0,77.0,76.0,297.8,0,0,0,0,0,0,0,0,0,0,0,4607.78125,0,7197.14453125,160970.03125,0,0,0,0,0,0
2026-04-30T16:22:50.027291,87872.0,97887.0,71.0,76.0,289.31,0,0,0,0,0,0,0,0,0,0,0,4607.78125,0,7240.91015625,160970.03125,0,0,0,0,0,0
2026-04-30T16:22:51.067721,87922.0,97887.0,85.0,74.0,282.07,0,0,0,0,0,0,0,0,0,0,0,4607.78125,0,7283.453125,160970.03125,0,0,0,0,0,0
2026-04-30T16:22:52.096727,87974.0,97887.0,74.0,75.0,274.47,0,0,0,0,0,0,0,0,0,0,0,4607.78125,0,7354.45703125,160970.03125,0,0,0,0,0,0
2026-04-30T16:22:53.135249,88042.0,97887.0,69.0,76.0,268.54,0,0,0,0,0,0,0,0,0,0,0,4607.78125,0,7446.296875,160970.03125,0,0,0,0,0,0
2026-04-30T16:22:54.175748,88110.0,97887.0,59.0,76.0,245.6,0,0,0,0,0,0,0,0,0,0,0,4607.78125,0,7583.296875,160970.03125,0,0,0,0,0,0
2026-04-30T16:22:55.212100,88122.0,97887.0,88.0,78.0,292.5,0,0,0,0,0,0,0,0,0,0,0,4607.78125,0,7623.2265625,160970.03125,0,0,0,0,0,0
2026-04-30T16:22:56.243774,87782.0,97887.0,88.0,78.0,299.03,0,0,0,0,0,0,0,0,0,0,0,4607.78125,0,7670.83203125,160970.03125,0,0,0,0,0,0
2026-04-30T16:22:57.279020,88140.0,97887.0,80.0,77.0,300.42,0,0,0,0,0,0,0,0,0,0,0,4607.78125,0,7721.890625,160970.03125,0,0,0,0,0,0
2026-04-30T16:22:58.310152,88164.0,97887.0,79.0,78.0,295.86,0,0,0,0,0,0,0,0,0,0,0,4607.78125,0,7773.8671875,160970.03125,0,0,0,0,0,0
2026-04-30T16:22:59.339924,88194.0,97887.0,76.0,77.0,293.66,0,0,0,0,0,0,0,0,0,0,0,4607.78125,0,7831.51171875,160970.03125,0,0,0,0,0,0
2026-04-30T16:23:00.369917,87872.0,97887.0,77.0,78.0,280.05,0,0,0,0,0,0,0,0,0,0,0,4607.78125,0,7900.8203125,160970.03125,0,0,0,0,0,0
2026-04-30T16:23:01.398744,89766.0,97887.0,0.0,76.0,160.28,0,0,0,0,0,0,0,0,0,0,0,4607.78125,0,8028.87109375,160970.03125,0,0,0,0,0,0
2026-04-30T16:23:02.430484,89766.0,97887.0,0.0,74.0,109.49,0,0,0,0,0,0,0,0,0,0,0,4607.78125,0,8109.14453125,160970.03125,0,0,0,0,0,0
2026-04-30T16:23:03.462033,89766.0,97887.0,0.0,73.0,74.05,0,0,0,0,0,0,0,0,0,0,0,4607.78125,0,8169.10546875,160970.03125,0,0,0,0,0,0
2026-04-30T16:23:04.498793,90632.0,97887.0,100.0,78.0,307.04,0,0,0,0,0,0,0,0,0,0,0,4607.78125,0,8166.7265625,160970.03125,0,0,0,0,0,0
2026-04-30T16:23:05.524728,90632.0,97887.0,100.0,78.0,299.93,0,0,0,0,0,0,0,0,0,0,0,4607.78125,0,8169.9140625,160970.03125,0,0,0,0,0,0
2026-04-30T16:23:06.554457,90632.0,97887.0,100.0,79.0,299.77,0,0,0,0,0,0,0,0,0,0,0,4607.78125,0,8168.73828125,160970.03125,0,0,0,0,0,0
2026-04-30T16:23:07.581090,90632.0,97887.0,100.0,79.0,299.96,0,0,0,0,0,0,0,0,0,0,0,4607.78125,0,8173.1484375,160970.03125,0,0,0,0,0,0
2026-04-30T16:23:08.609914,90632.0,97887.0,100.0,79.0,300.03,0,0,0,0,0,0,0,0,0,0,0,4607.78125,0,8172.58203125,160970.03125,0,0,0,0,0,0
2026-04-30T16:23:09.636797,90632.0,97887.0,100.0,79.0,299.99,0,0,0,0,0,0,0,0,0,0,0,4607.78125,0,8168.609375,160970.03125,0,0,0,0,0,0
2026-04-30T16:23:10.664037,90632.0,97887.0,100.0,80.0,299.98,0,0,0,0,0,0,0,0,0,0,0,4607.78125,0,8167.19140625,160970.03125,0,0,0,0,0,0
2026-04-30T16:23:11.693788,90632.0,97887.0,100.0,80.0,300.0,0,0,0,0,0,0,0,0,0,0,0,4607.78125,0,8166.734375,160970.03125,0,0,0,0,0,0
2026-04-30T16:23:12.721846,90632.0,97887.0,100.0,80.0,300.01,0,0,0,0,0,0,0,0,0,0,0,4607.78125,0,8174.21875,160970.03125,0,0,0,0,0,0
2026-04-30T16:23:13.749725,90632.0,97887.0,100.0,80.0,300.05,0,0,0,0,0,0,0,0,0,0,0,4607.78125,0,8178.4296875,160970.03125,0,0,0,0,0,0
2026-04-30T16:23:14.780761,90632.0,97887.0,99.0,81.0,299.95,0,0,0,0,0,0,0,0,0,0,0,4607.78125,0,8174.87890625,160970.03125,0,0,0,0,0,0
2026-04-30T16:23:15.813933,90632.0,97887.0,100.0,81.0,299.96,0,0,0,0,0,0,0,0,0,0,0,4607.78125,0,8177.83984375,160970.03125,0,0,0,0,0,0
2026-04-30T16:23:16.843316,90632.0,97887.0,100.0,81.0,299.99,0,0,0,0,0,0,0,0,0,0,0,4607.78125,0,8178.2734375,160970.03125,0,0,0,0,0,0
2026-04-30T16:23:17.874156,90632.0,97887.0,100.0,81.0,300.03,0,0,0,0,0,0,0,0,0,0,0,4607.78125,0,8186.30078125,160970.03125,0,0,0,0,0,0
2026-04-30T16:23:18.903042,90632.0,97887.0,100.0,82.0,300.01,0,0,0,0,0,0,0,0,0,0,0,4607.78125,0,8183.2890625,160970.03125,0,0,0,0,0,0
2026-04-30T16:23:19.930141,90632.0,97887.0,100.0,81.0,299.98,0,0,0,0,0,0,0,0,0,0,0,4607.78125,0,8181.01953125,160970.03125,0,0,0,0,0,0
2026-04-30T16:23:20.958263,90632.0,97887.0,100.0,82.0,299.99,0,0,0,0,0,0,0,0,0,0,0,4607.78125,0,8180.03515625,160970.03125,0,0,0,0,0,0
2026-04-30T16:23:21.987623,90632.0,97887.0,100.0,82.0,300.03,0,0,0,0,0,0,0,0,0,0,0,4607.78125,0,8183.17578125,160970.03125,0,0,0,0,0,0
2026-04-30T16:23:23.016293,90632.0,97887.0,100.0,82.0,299.95,0,0,0,0,0,0,0,0,0,0,0,4607.78125,0,8178.84375,160970.03125,0,0,0,0,0,0
2026-04-30T16:23:24.043834,90632.0,97887.0,100.0,82.0,300.1,0,0,0,0,0,0,0,0,0,0,0,4607.78125,0,8178.8984375,160970.03125,0,0,0,0,0,0
2026-04-30T16:23:25.073910,90632.0,97887.0,100.0,82.0,299.97,0,0,0,0,0,0,0,0,0,0,0,4607.78125,0,8180.65625,160970.03125,0,0,0,0,0,0
2026-04-30T16:23:26.103871,90632.0,97887.0,100.0,83.0,300.0,0,0,0,0,0,0,0,0,0,0,0,4607.78125,0,8180.7109375,160970.03125,0,0,0,0,0,0
2026-04-30T16:23:27.131874,90632.0,97887.0,100.0,83.0,299.98,0,0,0,0,0,0,0,0,0,0,0,4607.78125,0,8182.453125,160970.03125,0,0,0,0,0,0
2026-04-30T16:23:28.160007,90632.0,97887.0,100.0,83.0,299.78,0,0,0,0,0,0,0,0,0,0,0,4607.78125,0,8183.73828125,160970.03125,0,0,0,0,0,0
2026-04-30T16:23:29.187362,90632.0,97887.0,100.0,83.0,300.22,0,0,0,0,0,0,0,0,0,0,0,4607.78125,0,8184.84375,160970.03125,0,0,0,0,0,0
2026-04-30T16:23:30.215713,90632.0,97887.0,100.0,83.0,299.93,0,0,0,0,0,0,0,0,0,0,0,4607.78125,0,8182.515625,160970.03125,0,0,0,0,0,0
2026-04-30T16:23:31.243482,90632.0,97887.0,100.0,83.0,300.09,0,0,0,0,0,0,0,0,0,0,0,4607.78125,0,8181.50390625,160970.03125,0,0,0,0,0,0
2026-04-30T16:23:32.269530,90632.0,97887.0,100.0,84.0,300.01,0,0,0,0,0,0,0,0,0,0,0,4607.78125,0,8186.3828125,160970.03125,0,0,0,0,0,0
2026-04-30T16:23:33.295724,90632.0,97887.0,100.0,84.0,299.98,0,0,0,0,0,0,0,0,0,0,0,4607.78125,0,8185.5234375,160970.03125,0,0,0,0,0,0
2026-04-30T16:23:34.323925,90632.0,97887.0,100.0,84.0,300.0,0,0,0,0,0,0,0,0,0,0,0,4607.78125,0,8188.2421875,160970.03125,0,0,0,0,0,0
2026-04-30T16:23:35.350795,90632.0,97887.0,100.0,84.0,300.01,0,0,0,0,0,0,0,0,0,0,0,4607.78125,0,8182.6171875,160970.03125,0,0,0,0,0,0
2026-04-30T16:23:36.377418,90632.0,97887.0,100.0,84.0,299.78,0,0,0,0,0,0,0,0,0,0,0,4607.78125,0,8187.671875,160970.03125,0,0,0,0,0,0
2026-04-30T16:23:37.405493,90632.0,97887.0,100.0,84.0,300.01,0,0,0,0,0,0,0,0,0,0,0,4607.78125,0,8181.5859375,160970.03125,0,0,0,0,0,0
2026-04-30T16:23:38.436031,90632.0,97887.0,100.0,84.0,300.01,0,0,0,0,0,0,0,0,0,0,0,4607.78125,0,8183.203125,160970.03125,0,0,0,0,0,0
2026-04-30T16:23:39.462721,90632.0,97887.0,100.0,84.0,299.96,0,0,0,0,0,0,0,0,0,0,0,4607.78125,0,8179.68359375,160970.03125,0,0,0,0,0,0
2026-04-30T16:23:40.490790,90632.0,97887.0,100.0,84.0,300.01,0,0,0,0,0,0,0,0,0,0,0,4607.78125,0,8184.11328125,160970.03125,0,0,0,0,0,0
2026-04-30T16:23:41.519417,90632.0,97887.0,100.0,84.0,300.02,0,0,0,0,0,0,0,0,0,0,0,4607.78125,0,8183.75390625,160970.03125,0,0,0,0,0,0
2026-04-30T16:23:42.546889,90632.0,97887.0,100.0,84.0,299.97,0,0,0,0,0,0,0,0,0,0,0,4607.78125,0,8184.75,160970.03125,0,0,0,0,0,0
2026-04-30T16:23:43.574263,90632.0,97887.0,100.0,84.0,300.0,0,0,0,0,0,0,0,0,0,0,0,4607.78125,0,8181.265625,160970.03125,0,0,0,0,0,0
2026-04-30T16:23:44.601800,90632.0,97887.0,100.0,84.0,300.0,0,0,0,0,0,0,0,0,0,0,0,4607.78125,0,8188.69921875,160970.03125,0,0,0,0,0,0
2026-04-30T16:23:45.631556,90632.0,97887.0,100.0,84.0,299.99,0,0,0,0,0,0,0,0,0,0,0,4607.78125,0,8189.984375,160970.03125,0,0,0,0,0,0
2026-04-30T16:23:46.674649,90632.0,97887.0,100.0,85.0,299.98,0,0,0,0,0,0,0,0,0,0,0,4607.78125,0,8190.48046875,160970.03125,0,0,0,0,0,0
2026-04-30T16:23:47.704660,90632.0,97887.0,100.0,84.0,299.98,0,0,0,0,0,0,0,0,0,0,0,4607.78125,0,8194.7578125,160970.03125,0,0,0,0,0,0
2026-04-30T16:23:48.735059,90632.0,97887.0,100.0,85.0,300.0,0,0,0,0,0,0,0,0,0,0,0,4607.78125,0,8189.84375,160970.03125,0,0,0,0,0,0
2026-04-30T16:23:49.764572,90632.0,97887.0,100.0,85.0,299.99,0,0,0,0,0,0,0,0,0,0,0,4607.78125,0,8190.6640625,160970.03125,0,0,0,0,0,0
2026-04-30T16:23:50.792336,90632.0,97887.0,99.0,85.0,299.84,0,0,0,0,0,0,0,0,0,0,0,4607.78125,0,8190.234375,160970.03125,0,0,0,0,0,0
2026-04-30T16:23:51.820936,90632.0,97887.0,100.0,85.0,300.18,0,0,0,0,0,0,0,0,0,0,0,4607.78125,0,8186.96875,160970.03125,0,0,0,0,0,0
2026-04-30T16:23:52.848412,90632.0,97887.0,100.0,85.0,300.03,0,0,0,0,0,0,0,0,0,0,0,4607.78125,0,8187.05078125,160970.03125,0,0,0,0,0,0
2026-04-30T16:23:53.880181,90632.0,97887.0,99.0,85.0,299.99,0,0,0,0,0,0,0,0,0,0,0,4607.78125,0,8185.7109375,160970.03125,0,0,0,0,0,0
2026-04-30T16:23:54.908469,90632.0,97887.0,100.0,85.0,300.01,0,0,0,0,0,0,0,0,0,0,0,4607.78125,0,8184.6171875,160970.03125,0,0,0,0,0,0
2026-04-30T16:23:55.936796,90632.0,97887.0,100.0,85.0,300.0,0,0,0,0,0,0,0,0,0,0,0,4607.78125,0,8187.47265625,160970.03125,0,0,0,0,0,0
2026-04-30T16:23:56.964914,90632.0,97887.0,100.0,85.0,299.99,0,0,0,0,0,0,0,0,0,0,0,4607.78125,0,8184.140625,160970.03125,0,0,0,0,0,0
2026-04-30T16:23:57.991577,90632.0,97887.0,100.0,85.0,299.98,0,0,0,0,0,0,0,0,0,0,0,4607.78125,0,8186.6875,160970.03125,0,0,0,0,0,0
2026-04-30T16:23:59.021976,90632.0,97887.0,100.0,85.0,299.99,0,0,0,0,0,0,0,0,0,0,0,4607.78125,0,8186.5,160970.03125,0,0,0,0,0,0
2026-04-30T16:24:00.047871,90632.0,97887.0,100.0,85.0,300.01,0,0,0,0,0,0,0,0,0,0,0,4607.78125,0,8185.640625,160970.03125,0,0,0,0,0,0
2026-04-30T16:24:01.075390,90632.0,97887.0,100.0,85.0,299.99,0,0,0,0,0,0,0,0,0,0,0,4607.78125,0,8188.0546875,160970.03125,0,0,0,0,0,0
2026-04-30T16:24:02.102508,90632.0,97887.0,100.0,85.0,300.0,0,0,0,0,0,0,0,0,0,0,0,4607.78125,0,8188.10546875,160970.03125,0,0,0,0,0,0
2026-04-30T16:24:03.129335,90632.0,97887.0,100.0,85.0,300.0,0,0,0,0,0,0,0,0,0,0,0,4607.78125,0,8190.27734375,160970.03125,0,0,0,0,0,0
2026-04-30T16:24:04.154889,90632.0,97887.0,100.0,85.0,299.98,0,0,0,0,0,0,0,0,0,0,0,4607.78125,0,8188.2421875,160970.03125,0,0,0,0,0,0
2026-04-30T16:24:05.182125,90632.0,97887.0,100.0,85.0,300.01,0,0,0,0,0,0,0,0,0,0,0,4607.78125,0,8189.0859375,160970.03125,0,0,0,0,0,0
2026-04-30T16:24:06.208167,90632.0,97887.0,100.0,85.0,299.98,0,0,0,0,0,0,0,0,0,0,0,4607.78125,0,8189.08203125,160970.03125,0,0,0,0,0,0
2026-04-30T16:24:07.236933,90632.0,97887.0,100.0,86.0,299.99,0,0,0,0,0,0,0,0,0,0,0,4607.78125,0,8190.72265625,160970.03125,0,0,0,0,0,0
2026-04-30T16:24:08.266295,90632.0,97887.0,99.0,86.0,299.69,0,0,0,0,0,0,0,0,0,0,0,4607.78125,0,8191.18359375,160970.03125,0,0,0,0,0,0
2026-04-30T16:24:09.292557,90632.0,97887.0,100.0,86.0,300.0,0,0,0,0,0,0,0,0,0,0,0,4607.78125,0,8186.30859375,160970.03125,0,0,0,0,0,0
2026-04-30T16:24:10.320117,90632.0,97887.0,100.0,86.0,300.0,0,0,0,0,0,0,0,0,0,0,0,4607.78125,0,8188.671875,160970.03125,0,0,0,0,0,0
2026-04-30T16:24:11.347706,90632.0,97887.0,100.0,86.0,299.97,0,0,0,0,0,0,0,0,0,0,0,4607.78125,0,8188.484375,160970.03125,0,0,0,0,0,0
2026-04-30T16:24:12.374160,90632.0,97887.0,100.0,85.0,300.04,0,0,0,0,0,0,0,0,0,0,0,4607.78125,0,8193.83203125,160970.03125,0,0,0,0,0,0
2026-04-30T16:24:13.400683,90632.0,97887.0,100.0,85.0,300.0,0,0,0,0,0,0,0,0,0,0,0,4607.78125,0,8193.96875,160970.03125,0,0,0,0,0,0
2026-04-30T16:24:14.427063,90632.0,97887.0,100.0,85.0,300.03,0,0,0,0,0,0,0,0,0,0,0,4607.78125,0,8196.83203125,160970.03125,0,0,0,0,0,0
2026-04-30T16:24:15.458830,90632.0,97887.0,100.0,85.0,299.97,0,0,0,0,0,0,0,0,0,0,0,4607.78125,0,8201.66796875,160970.03125,0,0,0,0,0,0
2026-04-30T16:24:16.490468,90632.0,97887.0,100.0,85.0,300.0,0,0,0,0,0,0,0,0,0,0,0,4607.78125,0,8198.50390625,160970.03125,0,0,0,0,0,0
2026-04-30T16:24:17.521107,90632.0,97887.0,99.0,85.0,299.97,0,0,0,0,0,0,0,0,0,0,0,4607.78125,0,8213.3203125,160970.03125,0,0,0,0,0,0
2026-04-30T16:24:18.547485,90632.0,97887.0,100.0,85.0,300.34,0,0,0,0,0,0,0,0,0,0,0,4607.78125,0,8206.76953125,160970.03125,0,0,0,0,0,0
2026-04-30T16:24:19.576062,90632.0,97887.0,100.0,85.0,299.99,0,0,0,0,0,0,0,0,0,0,0,4607.78125,0,8208.6484375,160970.03125,0,0,0,0,0,0
2026-04-30T16:24:20.602210,90632.0,97887.0,100.0,85.0,299.97,0,0,0,0,0,0,0,0,0,0,0,4607.78125,0,8212.91015625,160970.03125,0,0,0,0,0,0
2026-04-30T16:24:21.629017,90632.0,97887.0,100.0,85.0,299.99,0,0,0,0,0,0,0,0,0,0,0,4607.78125,0,8211.79296875,160970.03125,0,0,0,0,0,0
2026-04-30T16:24:22.654645,90632.0,97887.0,100.0,85.0,299.98,0,0,0,0,0,0,0,0,0,0,0,4607.78125,0,8211.2890625,160970.03125,0,0,0,0,0,0
2026-04-30T16:24:23.682100,90632.0,97887.0,100.0,85.0,299.99,0,0,0,0,0,0,0,0,0,0,0,4607.78125,0,8209.4609375,160970.03125,0,0,0,0,0,0
2026-04-30T16:24:24.709296,90632.0,97887.0,100.0,85.0,300.03,0,0,0,0,0,0,0,0,0,0,0,4607.78125,0,8212.5234375,160970.03125,0,0,0,0,0,0
2026-04-30T16:24:25.738341,90632.0,97887.0,100.0,85.0,300.01,0,0,0,0,0,0,0,0,0,0,0,4607.78125,0,8208.3359375,160970.03125,0,0,0,0,0,0
2026-04-30T16:24:26.765556,90632.0,97887.0,100.0,85.0,299.99,0,0,0,0,0,0,0,0,0,0,0,4607.78125,0,8204.48046875,160970.03125,0,0,0,0,0,0
2026-04-30T16:24:27.792215,90632.0,97887.0,100.0,85.0,299.95,0,0,0,0,0,0,0,0,0,0,0,4607.78125,0,8206.91796875,160970.03125,0,0,0,0,0,0
2026-04-30T16:24:28.823519,90632.0,97887.0,100.0,85.0,300.03,0,0,0,0,0,0,0,0,0,0,0,4607.78125,0,8203.85546875,160970.03125,0,0,0,0,0,0
2026-04-30T16:24:29.853122,90632.0,97887.0,100.0,85.0,300.02,0,0,0,0,0,0,0,0,0,0,0,4607.78125,0,8208.55859375,160970.03125,0,0,0,0,0,0
2026-04-30T16:24:30.879705,90632.0,97887.0,100.0,85.0,299.92,0,0,0,0,0,0,0,0,0,0,0,4607.78125,0,8208.36328125,160970.03125,0,0,0,0,0,0
2026-04-30T16:24:31.905249,90632.0,97887.0,100.0,85.0,300.01,0,0,0,0,0,0,0,0,0,0,0,4607.78125,0,8208.7890625,160970.03125,0,0,0,0,0,0
2026-04-30T16:24:32.931154,90632.0,97887.0,100.0,85.0,300.02,0,0,0,0,0,0,0,0,0,0,0,4607.78125,0,8209.5703125,160970.03125,0,0,0,0,0,0
2026-04-30T16:24:33.956775,90632.0,97887.0,100.0,85.0,299.98,0,0,0,0,0,0,0,0,0,0,0,4607.78125,0,8209.00390625,160970.03125,0,0,0,0,0,0
2026-04-30T16:24:34.983139,90632.0,97887.0,100.0,85.0,299.96,0,0,0,0,0,0,0,0,0,0,0,4607.78125,0,8213.52734375,160970.03125,0,0,0,0,0,0
2026-04-30T16:24:36.009527,90632.0,97887.0,100.0,85.0,300.01,0,0,0,0,0,0,0,0,0,0,0,4607.78125,0,8213.6875,160970.03125,0,0,0,0,0,0
2026-04-30T16:24:37.036040,90632.0,97887.0,100.0,85.0,299.99,0,0,0,0,0,0,0,0,0,0,0,4607.78125,0,8215.3359375,160970.03125,0,0,0,0,0,0
2026-04-30T16:24:38.062650,90632.0,97887.0,100.0,85.0,299.99,0,0,0,0,0,0,0,0,0,0,0,4607.78125,0,8220.8515625,160970.03125,0,0,0,0,0,0
2026-04-30T16:24:39.089129,90632.0,97887.0,100.0,85.0,300.05,0,0,0,0,0,0,0,0,0,0,0,4607.78125,0,8222.2265625,160970.03125,0,0,0,0,0,0
2026-04-30T16:24:40.115272,90632.0,97887.0,100.0,85.0,300.04,0,0,0,0,0,0,0,0,0,0,0,4607.78125,0,8220.09765625,160970.03125,0,0,0,0,0,0
2026-04-30T16:24:41.144170,90632.0,97887.0,100.0,85.0,299.98,0,0,0,0,0,0,0,0,0,0,0,4607.78125,0,8220.76953125,160970.03125,0,0,0,0,0,0
2026-04-30T16:24:42.172894,90632.0,97887.0,100.0,85.0,300.03,0,0,0,0,0,0,0,0,0,0,0,4607.78125,0,8217.6875,160970.03125,0,0,0,0,0,0
2026-04-30T16:24:43.200615,90632.0,97887.0,100.0,85.0,299.97,0,0,0,0,0,0,0,0,0,0,0,4607.78125,0,8219.46484375,160970.03125,0,0,0,0,0,0
2026-04-30T16:24:44.227900,90632.0,97887.0,100.0,85.0,300.01,0,0,0,0,0,0,0,0,0,0,0,4607.78125,0,8215.12109375,160970.03125,0,0,0,0,0,0
2026-04-30T16:24:45.264379,90632.0,97887.0,95.0,85.0,299.31,0,0,0,0,0,0,0,0,0,0,0,4607.78125,0,8217.42578125,160970.03125,0,0,0,0,0,0
2026-04-30T16:24:46.494344,0.0,97887.0,2.0,82.0,109.81,0,0,0,0,0,0,0,0,0,0,0,4607.78125,0,5618.48046875,160970.03125,0,0,0,0,0,0
2026-04-30T16:24:47.521905,0.0,97887.0,0.0,80.0,92.53,0,0,0,0,0,0,0,0,0,0,0,4607.78125,0,5608.19921875,160970.03125,0,0,0,0,0,0
2026-04-30T16:24:48.549725,0.0,97887.0,0.0,79.0,58.09,0,0,0,0,0,0,0,0,0,0,0,4607.78125,0,4736.33984375,160970.03125,0,0,0,0,0,0
